id,cos_10,cos_20,sim_10,sim_20,com_1_1_10,com_1_1_20,com_1_3_10,com_1_3_20,com_1_5_10,com_1_5_20,com_1_7_10,com_1_7_20,com_1_9_10,com_1_9_20,com_3_1_10,com_3_1_20,com_3_3_10,com_3_3_20,com_3_5_10,com_3_5_20,com_3_7_10,com_3_7_20,com_3_9_10,com_3_9_20,com_5_1_10,com_5_1_20,com_5_3_10,com_5_3_20,com_5_5_10,com_5_5_20,com_5_7_10,com_5_7_20,com_5_9_10,com_5_9_20,com_7_1_10,com_7_1_20,com_7_3_10,com_7_3_20,com_7_5_10,com_7_5_20,com_7_7_10,com_7_7_20,com_7_9_10,com_7_9_20,com_9_1_10,com_9_1_20,com_9_3_10,com_9_3_20,com_9_5_10,com_9_5_20,com_9_7_10,com_9_7_20,com_9_9_10,com_9_9_20
1,0,0,0,6,0,6,0,7,0,7,0,7,0,7,0,1,0,6,0,7,0,7,0,7,0,1,0,3,0,6,0,7,0,7,0,11,0,2,0,4,0,6,0,6,0,0,0,1,0,3,4,5,0,6
2,0,9,0,6,0,9,0,6,0,7,0,6,0,6,0,10,0,9,0,7,6,6,0,6,6,10,0,9,0,9,0,8,0,7,6,10,7,9,0,9,0,9,0,8,6,10,0,10,0,9,0,9,0,9
3,6,10,0,6,5,11,0,8,0,8,0,7,0,7,7,11,5,11,5,10,5,8,0,8,6,12,0,12,5,11,5,10,5,9,6,13,7,12,0,12,5,11,5,10,6,12,7,11,0,12,5,11,5,11
4,0,3,0,6,6,6,0,7,0,7,0,7,0,7,0,7,6,6,0,7,0,7,0,7,0,5,0,8,6,6,0,7,0,7,0,5,0,7,0,8,6,6,0,7,0,4,0,7,3,7,5,8,6,6
5,0,10,0,6,0,10,0,8,0,7,5,7,5,7,0,13,0,10,0,9,0,9,0,8,0,10,7,12,0,10,0,10,6,9,6,10,7,12,7,12,0,10,0,10,6,10,0,13,7,12,7,12,0,10
6,0,10,0,6,6,10,0,8,0,8,0,7,0,7,7,10,6,10,6,8,0,8,0,8,7,10,0,11,6,10,6,9,0,8,7,8,7,10,6,11,6,10,6,9,7,8,7,10,0,11,6,11,6,10
7,8,11,0,6,0,9,0,7,5,7,0,7,0,7,8,14,0,9,0,7,0,7,0,7,0,14,0,12,0,9,0,8,0,7,9,12,8,13,0,11,0,9,0,9,8,11,8,14,0,13,0,11,0,9
8,0,4,0,6,0,9,0,8,0,7,0,7,0,7,4,7,0,9,0,9,0,9,0,8,0,8,0,9,0,9,0,9,0,9,0,6,0,8,0,9,0,9,0,9,0,5,4,7,0,8,0,9,0,9
9,7,14,0,6,0,9,0,7,0,7,0,7,0,7,7,12,0,9,0,9,6,7,0,7,7,11,7,10,0,9,0,9,0,8,7,11,7,10,7,10,0,9,0,9,7,11,7,12,7,10,7,10,0,9
10,10,15,0,6,9,12,0,9,0,9,0,8,5,7,10,14,9,12,7,10,7,10,0,9,10,15,10,13,9,12,8,11,7,10,10,15,10,14,10,13,9,12,0,12,10,15,10,14,10,13,10,12,9,12
11,0,14,0,6,0,12,0,8,0,8,5,7,5,7,9,12,0,12,7,10,0,8,0,8,0,14,8,12,0,12,0,10,7,9,0,14,9,12,8,12,0,12,0,11,0,14,9,12,0,12,8,12,0,12
12,0,8,0,6,0,8,0,7,4,7,0,7,0,7,6,8,0,8,0,7,0,7,0,7,6,7,6,8,0,8,0,7,0,7,0,8,0,8,5,8,0,8,0,7,0,9,6,8,0,8,0,8,0,8
13,0,9,0,6,6,11,0,8,0,7,0,7,0,7,7,11,6,11,0,10,0,8,0,8,7,12,0,12,6,11,0,10,0,9,7,11,7,11,0,12,6,11,0,10,0,11,7,11,7,12,6,12,6,11
14,8,14,0,6,0,11,0,7,0,7,0,7,5,7,0,12,0,11,0,8,0,7,0,7,0,12,7,11,0,11,0,9,0,8,8,13,7,11,7,10,0,11,0,9,8,13,0,12,7,11,7,10,0,11
15,8,9,0,6,0,9,0,7,5,7,0,7,0,7,8,14,0,9,0,7,0,7,0,7,9,14,7,12,0,9,0,8,0,7,9,14,8,13,0,11,0,9,0,9,9,12,8,14,0,12,0,11,0,9
16,0,13,0,6,0,9,0,8,0,7,0,7,0,7,0,14,0,9,0,9,0,9,0,8,9,14,0,13,0,9,7,9,0,9,9,14,0,14,0,12,0,9,0,9,9,14,0,14,0,13,0,12,0,9
17,0,7,0,6,6,9,0,7,0,7,0,7,0,7,5,9,6,9,0,7,0,7,0,7,5,9,6,11,6,9,0,7,0,7,5,9,0,10,6,10,6,9,0,8,0,9,5,9,6,11,6,10,6,9
18,0,11,0,6,0,11,0,7,0,7,0,7,5,7,8,11,0,11,0,9,0,8,0,7,8,11,0,11,0,11,0,10,0,9,8,12,0,11,0,11,0,11,0,10,0,12,8,11,0,11,0,11,0,11
19,0,9,0,6,8,12,6,9,0,8,5,7,0,7,0,12,8,12,0,10,0,9,6,9,0,10,9,12,8,12,8,11,0,10,0,9,0,12,8,12,8,12,8,11,6,9,0,12,9,12,8,12,8,12
20,0,7,0,6,0,7,0,7,0,7,0,7,0,7,4,10,0,7,0,7,0,7,0,7,3,9,5,11,0,7,0,7,0,7,0,9,0,10,0,8,0,7,6,7,0,8,4,10,5,11,0,8,0,7
21,4,6,0,6,0,8,5,7,0,7,0,7,0,6,5,9,0,8,0,7,5,7,5,7,4,9,6,8,0,8,0,7,5,7,0,7,0,9,0,8,0,8,0,8,0,6,5,9,0,9,0,8,0,8
22,10,15,0,6,8,13,0,9,0,9,5,8,5,7,9,15,8,13,8,10,7,10,0,9,10,16,8,13,8,13,8,10,8,10,10,16,0,15,8,13,8,13,8,10,10,16,9,15,8,13,8,13,8,13
23,0,10,0,6,0,11,0,8,0,8,0,7,0,7,7,11,0,11,0,10,5,9,0,8,0,10,7,11,0,11,0,10,0,10,0,10,0,11,7,11,0,11,0,10,0,10,7,11,7,11,7,11,0,11
24,0,9,0,6,0,12,0,9,5,8,5,8,0,7,0,13,0,12,7,10,0,9,0,9,0,10,0,12,0,12,0,10,7,10,0,11,8,12,8,12,0,12,0,10,0,11,0,13,0,12,8,12,0,12
25,0,1,0,6,0,3,0,6,0,6,0,6,0,6,0,2,0,3,0,4,0,5,0,6,0,1,0,3,0,3,0,4,0,4,0,1,0,2,0,3,0,3,0,4,0,10,0,12,0,3,3,3,0,3
26,0,1,0,6,0,5,0,6,0,6,0,6,0,6,0,3,0,5,0,5,4,5,0,6,0,3,3,5,0,5,0,5,0,5,0,3,0,4,0,5,0,5,3,5,0,3,0,13,0,4,0,4,0,5
27,0,3,0,6,0,7,0,7,0,7,0,7,0,7,0,3,0,7,0,7,0,7,0,7,0,3,0,4,0,7,0,7,0,7,0,3,0,4,0,5,0,7,0,7,0,12,0,13,0,4,3,5,0,7
28,6,9,0,6,5,8,0,7,5,7,5,7,0,7,5,9,5,8,5,7,0,7,0,7,0,9,0,9,5,8,5,7,5,7,0,9,0,9,0,9,5,8,5,7,0,9,5,9,0,9,0,9,5,8
29,0,6,0,6,0,9,5,7,0,7,0,7,0,7,0,8,0,9,0,8,0,7,5,7,0,7,6,10,0,9,0,8,0,7,0,8,6,9,0,10,0,9,0,9,0,7,0,8,6,9,0,10,0,9
30,0,11,0,6,7,12,6,9,0,8,0,7,0,7,7,12,7,12,0,10,0,10,6,9,7,12,7,12,7,12,0,10,0,10,7,12,7,12,0,11,7,12,8,11,0,11,7,12,7,12,0,11,7,12
31,6,10,0,6,0,10,0,8,0,7,5,7,0,7,8,13,0,10,0,10,0,9,0,8,0,14,8,12,0,10,0,10,0,9,6,13,8,13,8,12,0,10,0,10,6,13,8,13,8,12,8,12,0,10
32,2,3,0,6,5,5,0,6,0,6,5,6,0,6,0,5,5,5,0,5,0,6,0,6,0,5,0,4,5,5,0,5,0,5,0,5,0,5,0,5,5,5,0,5,2,4,0,5,0,4,0,5,5,5
33,0,14,0,6,8,13,0,9,0,7,5,7,0,7,0,14,8,13,0,11,0,10,0,9,10,14,8,14,8,13,8,12,0,10,10,14,0,14,8,14,8,13,8,13,10,14,0,14,0,14,8,14,8,13
34,0,6,0,6,0,10,5,7,0,7,0,7,0,7,0,10,0,10,5,9,5,9,5,7,4,9,0,10,0,10,5,9,5,9,0,9,5,11,0,9,0,10,5,9,4,8,0,10,5,10,0,10,0,10
35,0,3,0,6,5,7,0,7,0,7,0,7,0,7,0,3,5,7,0,7,0,8,0,7,0,3,0,5,5,7,0,7,0,7,0,3,0,3,4,7,5,7,0,6,0,13,0,13,0,4,5,7,5,7
36,0,11,0,6,7,12,0,8,0,8,0,7,0,7,7,13,7,12,0,9,6,9,0,8,7,12,7,14,7,12,0,10,0,9,7,12,7,13,7,13,7,12,7,10,0,12,7,13,7,14,7,13,7,12
37,8,12,0,6,0,10,0,8,0,7,0,7,5,7,7,14,0,10,0,9,0,8,0,8,8,14,8,13,0,10,0,9,7,9,0,15,0,13,8,14,0,10,0,9,8,15,7,14,0,13,8,12,0,10
38,0,5,0,6,0,8,0,7,0,7,0,7,0,7,0,9,0,8,0,7,0,7,0,7,0,5,0,7,0,8,0,7,0,7,0,5,4,9,4,7,0,8,0,8,4,5,0,9,0,7,4,7,0,8
39,5,9,0,6,6,9,5,8,5,7,0,7,0,7,0,9,6,9,6,9,0,9,5,8,5,10,5,10,6,9,6,9,6,9,0,10,0,9,0,11,6,9,6,10,0,10,0,9,5,10,0,11,6,9
40,9,12,0,6,0,12,6,9,0,9,5,8,0,7,8,14,0,12,7,11,7,11,6,9,8,14,8,13,0,12,8,12,7,11,8,14,8,14,8,13,0,12,8,12,8,14,8,14,8,13,8,12,0,12
41,8,10,0,6,6,9,0,7,0,7,0,7,0,7,7,11,6,9,0,8,0,7,0,7,8,11,7,12,6,9,6,8,0,8,8,11,7,12,7,11,6,9,6,9,8,11,7,11,7,12,7,11,6,9
42,9,13,0,6,0,10,0,8,0,7,5,6,5,6,0,12,0,10,0,8,0,8,0,8,9,13,8,11,0,10,0,8,0,8,9,13,8,12,8,11,0,10,0,9,9,13,0,12,8,11,0,11,0,10
43,6,10,0,6,0,10,6,8,0,7,5,7,0,7,0,11,0,10,6,8,0,8,6,8,0,11,0,10,0,10,6,9,0,8,5,11,6,11,0,11,0,10,6,9,5,10,0,11,6,10,0,11,0,10
44,0,4,0,6,0,8,0,8,0,7,0,7,0,7,0,4,0,8,0,8,0,8,0,8,0,6,0,6,0,8,0,8,0,8,0,6,3,7,0,7,0,8,0,8,3,6,0,4,0,6,0,8,0,8
45,0,7,0,6,0,10,0,7,0,7,0,7,0,7,0,9,0,10,0,7,5,7,0,7,0,10,0,10,0,10,0,8,0,7,0,8,6,9,0,10,0,10,0,9,5,8,0,9,0,9,0,10,0,10
46,7,9,0,6,0,11,0,8,0,7,5,7,0,7,8,12,0,11,0,8,7,8,0,8,0,10,8,12,0,11,0,9,0,8,0,10,8,12,8,11,0,11,0,10,7,10,8,12,8,12,8,11,0,11
47,0,1,0,6,0,6,0,6,0,6,0,6,0,6,0,1,0,6,0,6,0,6,0,6,0,1,0,4,0,6,0,6,0,6,0,1,0,2,0,5,0,6,3,6,0,1,0,11,0,2,2,5,0,6
48,0,11,0,6,7,9,0,7,0,7,5,7,5,7,7,11,7,9,0,8,0,7,0,7,7,12,0,11,7,9,0,8,0,8,0,11,7,11,0,11,7,9,0,8,8,11,7,11,7,11,0,11,7,9
49,0,5,0,6,4,8,0,7,0,7,0,7,0,7,0,8,4,8,5,8,0,8,0,7,2,7,0,9,4,8,5,8,5,8,0,7,0,8,0,8,4,8,5,8,0,7,0,8,0,9,4,8,4,8
50,0,9,0,6,0,10,0,7,0,7,0,6,0,6,8,11,0,10,0,8,0,8,0,7,0,11,0,10,0,10,0,9,0,8,0,10,0,10,8,10,0,10,7,10,0,10,8,11,8,10,8,10,0,10
51,0,11,0,6,7,8,0,7,0,7,0,7,0,7,0,10,7,8,0,8,0,8,0,7,0,10,7,10,7,8,0,8,0,8,6,11,0,10,7,10,7,8,0,8,0,11,0,10,7,10,7,9,7,8
52,9,14,0,6,0,11,6,9,0,8,5,7,5,7,8,13,0,11,0,10,0,9,6,9,8,15,8,12,0,11,7,10,0,10,0,15,8,13,8,11,0,11,7,11,0,15,8,13,8,12,8,11,0,11
53,4,6,0,6,0,9,0,8,0,7,0,7,5,7,0,9,0,9,0,8,0,8,0,8,5,8,7,11,0,9,0,9,0,8,0,8,6,11,7,11,0,9,7,9,0,8,0,9,7,11,8,11,0,9
54,0,9,0,6,7,10,6,8,0,8,0,7,0,7,0,8,7,10,0,9,6,9,6,8,4,7,0,9,7,10,0,11,0,9,0,7,5,8,0,10,7,10,0,11,4,7,0,8,0,9,7,10,7,10
55,0,3,0,1,0,0,0,1,0,1,0,1,0,1,0,1,0,0,0,0,0,1,0,1,0,2,0,0,0,0,0,0,0,1,0,2,0,0,0,0,0,0,0,0,0,3,0,11,0,0,0,0,0,0
56,0,1,0,1,0,1,0,1,0,0,0,1,0,1,0,1,0,1,0,1,0,1,0,1,1,1,0,1,0,1,0,1,0,1,0,1,0,1,0,2,0,1,0,1,1,1,0,11,0,1,0,1,0,1
57,3,6,0,1,0,1,0,1,0,1,0,1,0,1,0,2,0,1,0,1,0,1,0,1,2,4,0,1,0,1,0,1,0,1,3,6,0,2,0,1,0,1,0,1,0,6,0,2,0,1,0,1,0,1
58,0,5,0,1,0,0,0,0,0,0,0,1,0,1,0,4,0,0,0,0,0,0,0,0,0,5,0,3,0,0,0,0,0,0,0,5,1,4,0,1,0,0,0,0,0,5,0,4,0,4,0,1,0,0
59,0,1,0,1,0,0,0,0,0,1,0,1,0,1,0,10,0,0,0,0,0,0,0,0,0,1,0,0,0,0,0,0,0,0,0,1,0,0,0,0,0,0,0,0,0,1,0,10,0,0,0,0,0,0
60,0,5,0,1,0,0,0,1,0,1,0,1,0,1,5,5,0,0,0,0,0,0,0,1,0,6,1,2,0,0,0,0,0,0,0,5,0,6,0,1,0,0,0,0,0,5,5,5,1,3,0,1,0,0
61,0,0,0,1,0,1,0,2,0,2,0,1,0,1,0,1,0,1,0,1,0,1,0,2,0,1,0,1,0,1,0,1,1,1,0,1,0,1,0,1,0,1,0,1,1,1,0,11,0,1,0,1,0,1
62,3,7,0,1,0,1,0,0,0,1,0,1,0,1,0,2,0,1,0,1,0,1,0,0,0,3,0,1,0,1,0,1,0,1,0,4,0,2,0,1,0,1,0,1,0,4,0,2,0,1,0,1,0,1
63,1,3,0,1,0,1,0,1,0,0,0,0,0,1,0,3,0,1,0,1,0,1,0,1,0,3,0,1,0,1,0,1,0,1,0,3,0,3,0,1,0,1,0,1,1,2,0,13,0,1,0,1,0,1
64,0,4,0,1,0,0,0,0,0,0,0,1,0,1,0,3,0,0,0,0,0,0,0,0,0,3,0,0,0,0,0,0,0,0,3,3,0,2,0,0,0,0,0,0,3,3,0,3,0,0,0,0,0,0
65,0,4,0,1,0,1,0,1,0,1,0,1,0,1,0,12,0,1,0,0,0,0,0,1,0,2,0,1,0,1,0,0,0,0,0,2,0,2,0,1,0,1,0,0,0,2,0,2,0,1,0,1,0,1
66,2,3,0,1,0,0,0,0,0,1,0,1,0,1,0,3,0,0,0,0,0,0,0,0,0,3,0,0,0,0,0,0,0,0,2,3,0,3,0,0,0,0,0,0,2,3,0,3,0,0,0,0,0,0
67,0,0,0,1,0,0,0,0,0,1,0,1,0,1,0,0,0,0,0,0,0,0,0,0,0,0,0,0,0,0,0,0,0,0,0,0,0,0,0,0,0,0,0,0,0,0,0,10,0,0,0,0,0,0
68,0,1,0,1,0,2,0,0,0,0,0,1,0,1,1,1,0,2,0,1,0,1,0,0,0,1,0,1,0,2,0,1,0,1,0,1,0,1,0,1,0,2,0,1,0,1,1,11,0,1,0,1,0,2
69,0,3,0,1,0,1,0,0,0,0,0,0,0,1,0,2,0,1,0,0,0,0,0,0,0,3,0,1,0,1,0,0,0,0,0,3,1,2,0,1,0,1,0,0,0,3,0,2,0,1,0,1,0,1
70,0,0,0,1,0,0,0,0,0,1,0,1,0,1,0,0,0,0,0,0,0,0,0,0,0,0,0,0,0,0,0,0,0,0,0,0,0,0,0,0,0,0,0,0,0,0,0,10,0,0,0,0,0,0
71,0,4,0,1,0,0,0,0,0,1,0,1,0,1,0,3,0,0,0,0,0,0,0,0,0,3,0,3,0,0,0,0,0,0,0,3,0,3,0,0,0,0,0,0,0,3,0,3,0,3,0,0,0,0
72,0,1,0,1,0,0,0,0,0,1,0,1,0,1,0,1,0,0,0,0,0,0,0,0,1,1,0,1,0,0,0,0,0,0,0,1,0,1,0,1,0,0,0,0,0,1,0,11,0,1,0,1,0,0
73,0,2,0,1,0,0,0,1,0,1,0,1,0,1,0,12,0,0,0,1,0,1,0,1,0,2,0,2,0,0,0,0,0,1,0,2,0,2,0,1,0,0,0,0,0,2,0,12,0,2,0,0,0,0
74,0,1,0,1,0,0,0,1,0,1,0,1,0,1,0,1,0,0,0,1,0,1,0,1,1,1,0,1,0,0,0,1,0,1,1,1,0,1,0,1,0,0,0,1,0,1,0,11,0,1,0,0,0,0
75,0,6,0,1,0,1,0,1,0,1,0,1,0,1,3,3,0,1,0,1,1,1,0,1,0,3,0,4,0,1,0,2,0,1,3,5,3,3,0,3,0,1,0,2,3,5,3,3,0,4,0,3,0,1
76,0,1,0,1,0,0,0,0,0,0,0,1,0,1,0,1,0,0,0,0,0,0,0,0,0,1,0,1,0,0,0,0,0,0,0,1,0,1,0,1,0,0,0,0,0,1,0,11,0,1,0,0,0,0
77,0,5,0,1,0,2,0,2,0,2,0,2,0,1,0,4,0,2,0,2,0,2,0,2,3,4,0,2,0,2,0,2,0,2,0,5,0,2,0,2,0,2,0,2,0,5,0,4,2,2,0,2,0,2
78,0,5,0,1,0,0,0,0,0,1,0,1,0,1,0,1,0,0,0,0,0,0,0,0,0,3,0,1,0,0,0,0,0,0,0,4,0,1,0,0,0,0,0,0,0,4,0,11,0,1,0,0,0,0
79,0,0,0,1,0,0,0,1,0,1,0,1,0,1,0,0,0,0,0,1,0,1,0,1,0,0,0,0,0,0,0,1,0,1,0,0,0,0,0,0,0,0,0,0,0,0,0,10,0,0,0,0,0,0
80,0,0,0,1,0,0,0,0,0,1,0,1,0,1,0,0,0,0,0,0,0,0,0,0,0,0,0,0,0,0,0,0,0,0,0,0,0,0,0,0,0,0,0,0,0,0,0,10,0,0,0,0,0,0
81,2,4,0,1,0,0,0,1,0,1,0,1,0,1,0,1,0,0,0,0,0,1,0,1,0,3,0,1,0,0,0,0,0,1,0,3,0,1,0,0,0,0,0,0,0,3,0,11,0,1,0,0,0,0
82,0,8,0,1,0,3,0,0,0,1,0,1,0,1,0,7,0,3,0,0,0,0,0,0,0,7,4,5,0,3,0,0,0,0,0,7,0,7,0,5,0,3,0,0,0,8,0,7,5,5,0,4,0,3
83,0,7,0,1,0,2,0,1,0,1,0,1,0,1,0,3,0,2,0,1,0,1,0,1,0,4,0,3,0,2,0,1,0,1,0,4,2,3,1,2,0,2,0,1,0,5,0,3,0,3,1,2,0,2
84,0,3,0,1,0,0,0,0,0,1,0,1,0,1,0,0,0,0,0,0,0,0,0,0,0,3,0,0,0,0,0,0,0,0,0,3,0,0,0,0,0,0,0,0,0,3,0,10,0,0,0,0,0,0
85,0,1,0,1,0,0,0,0,0,1,0,1,0,1,0,1,0,0,0,0,0,0,0,0,0,1,0,0,0,0,0,0,0,0,0,1,0,1,0,0,0,0,0,0,0,0,0,11,0,0,0,0,0,0
86,0,0,0,1,0,1,0,1,0,0,0,0,0,1,0,1,0,1,0,1,0,1,0,1,0,0,0,1,0,1,0,1,0,1,0,0,0,1,0,1,0,1,0,1,0,0,0,11,0,1,0,1,0,1
87,0,4,0,1,0,0,0,0,0,1,0,1,0,1,0,13,0,0,0,0,0,0,0,0,2,3,0,0,0,0,0,0,0,0,0,4,0,2,0,0,0,0,0,0,0,4,0,3,0,1,0,0,0,0
88,0,0,0,1,0,0,0,1,0,1,0,1,0,1,0,0,0,0,0,1,0,1,0,1,0,0,0,0,0,0,0,0,0,1,0,0,0,0,0,0,0,0,0,0,0,0,0,0,0,0,0,0,0,0
89,0,2,0,1,0,0,0,1,0,1,0,1,0,1,0,2,0,0,0,0,0,0,0,1,0,2,0,2,0,0,0,0,0,0,0,2,0,2,0,2,0,0,0,0,0,2,0,2,0,2,0,1,0,0
90,0,5,0,1,0,0,0,1,0,1,0,1,0,1,0,3,0,0,0,0,0,1,0,1,0,4,0,2,0,0,0,0,0,0,0,4,0,2,0,0,0,0,0,0,0,4,0,3,0,2,0,0,0,0
91,0,8,0,1,0,2,1,1,0,1,0,1,0,1,3,14,0,2,0,1,0,1,1,1,0,6,0,3,0,2,0,1,0,1,3,6,0,3,2,2,0,2,0,1,0,6,3,4,0,3,0,2,0,2
92,0,1,0,1,0,0,0,1,0,1,0,1,0,1,0,1,0,0,0,1,0,1,0,1,0,1,0,1,0,0,0,1,0,1,0,1,0,1,0,1,0,0,0,0,0,1,0,11,0,1,0,1,0,0
93,0,1,0,1,0,0,0,0,0,0,0,1,0,1,0,1,0,0,0,0,0,1,0,0,0,1,0,0,0,0,0,1,0,0,0,1,0,0,0,0,0,0,0,0,0,1,0,11,0,0,0,0,0,0
94,0,5,0,1,0,0,0,0,0,0,0,0,0,1,0,4,0,0,0,0,0,0,0,0,1,6,0,0,0,0,0,0,0,0,1,5,0,2,0,0,0,0,0,0,0,5,0,4,0,0,0,0,0,0
95,1,1,0,1,0,0,0,1,0,1,0,1,0,1,0,0,0,0,0,0,0,1,0,1,0,1,0,0,0,0,0,0,0,0,0,1,0,0,0,0,0,0,0,0,0,1,0,0,0,0,0,0,0,0
96,0,4,0,1,0,1,0,0,0,0,0,1,0,1,0,1,0,1,0,0,0,0,0,0,0,2,0,2,0,1,0,0,0,0,0,2,0,2,0,2,0,1,0,0,0,3,0,1,0,2,0,1,0,1
97,0,4,0,1,0,0,0,0,0,1,0,1,0,1,0,1,0,0,0,0,0,0,0,0,0,3,0,1,0,0,0,0,0,0,0,4,0,1,0,1,0,0,0,0,2,4,0,1,0,1,0,1,0,0
98,0,3,0,1,0,0,0,1,0,1,0,1,0,1,0,2,0,0,0,1,0,1,0,1,0,2,0,0,0,0,0,1,0,1,1,2,0,0,0,0,0,0,0,1,1,2,0,2,0,0,0,0,0,0
99,0,2,0,1,0,0,0,0,0,1,0,1,0,1,0,3,0,0,0,0,0,0,0,0,0,2,0,0,0,0,0,0,0,0,0,2,0,2,0,0,0,0,0,0,0,2,0,3,0,0,0,0,0,0
100,0,2,0,1,0,0,0,1,0,1,0,1,0,1,0,11,0,0,0,0,0,0,0,1,1,1,0,0,0,0,0,0,0,0,0,1,0,1,0,0,0,0,0,0,0,1,0,1,0,0,0,0,0,0
101,0,2,0,1,0,0,0,0,0,1,0,1,0,1,0,1,0,0,0,0,0,0,0,0,0,2,0,0,0,0,0,0,0,0,0,2,0,1,0,0,0,0,0,0,0,2,0,1,0,1,0,0,0,0
102,0,4,0,1,0,0,0,0,0,0,0,0,0,1,0,3,0,0,0,0,0,0,0,0,0,3,0,2,0,0,0,0,0,0,0,3,2,3,0,2,0,0,0,0,0,3,0,3,0,3,0,2,0,0
103,0,0,0,1,0,2,0,1,0,1,0,1,0,1,0,2,0,2,0,1,0,1,0,1,0,2,0,2,0,2,0,1,0,1,0,2,0,2,0,2,0,2,0,1,0,1,0,2,0,2,0,2,0,2
104,0,2,0,1,0,1,0,1,0,1,0,1,0,1,0,1,0,1,0,1,0,1,0,1,0,2,0,1,0,1,0,1,0,1,0,2,0,1,0,1,0,1,0,1,0,2,0,11,0,1,0,1,0,1
105,0,4,0,1,0,1,0,2,0,2,0,1,0,1,0,1,0,1,0,2,0,2,0,2,0,1,0,2,0,1,0,1,0,2,0,2,0,2,0,2,0,1,0,2,0,3,0,11,0,2,0,2,0,1
106,0,1,0,1,0,1,0,1,0,2,0,1,0,1,0,1,0,1,0,1,0,1,0,1,0,1,0,1,0,1,0,1,0,1,0,1,0,1,0,1,0,1,0,1,0,1,0,11,0,1,0,1,0,1
107,0,3,0,1,0,1,0,1,0,1,0,1,0,1,0,2,0,1,0,1,0,1,0,1,0,3,1,2,0,1,0,1,0,1,0,3,0,2,1,1,0,1,0,1,0,3,0,12,1,2,1,1,0,1
108,0,1,0,1,0,1,0,1,0,1,0,1,0,1,0,1,0,1,0,1,0,1,0,1,0,1,0,0,0,1,0,1,0,1,0,1,0,1,0,1,0,1,0,1,0,1,0,11,0,0,0,1,0,1
109,0,4,0,1,0,0,0,1,0,1,0,1,0,1,0,3,0,0,0,1,0,1,0,1,0,3,0,1,0,0,0,1,0,1,0,3,0,2,0,0,0,0,0,1,0,3,0,3,0,1,0,0,0,0
110,0,4,0,1,0,1,0,1,0,1,0,1,0,1,2,4,0,1,0,1,0,1,0,1,0,4,0,3,0,1,0,1,0,1,0,4,1,5,0,3,0,1,0,1,3,4,2,4,0,3,0,3,0,1
111,0,3,0,0,0,0,0,0,0,0,0,0,0,0,0,0,0,0,0,0,0,0,0,0,0,1,0,0,0,0,0,0,0,0,0,1,0,0,0,0,0,0,0,0,0,1,0,0,0,0,0,0,0,0
112,0,3,0,0,0,0,0,0,0,0,0,0,0,0,0,1,0,0,0,0,0,0,0,0,0,2,0,0,0,0,0,0,0,0,0,3,0,0,0,0,0,0,0,0,0,3,0,11,0,0,0,0,0,0
113,3,8,0,0,0,0,0,0,0,0,0,0,0,0,0,3,0,0,0,0,0,0,0,0,2,3,0,1,0,0,0,0,0,0,3,5,0,2,0,0,0,0,0,0,3,5,0,3,0,1,0,0,0,0
114,4,7,0,0,0,1,0,0,0,0,0,0,0,0,0,4,0,1,0,0,0,0,0,0,3,5,0,1,0,1,0,0,0,0,0,6,0,1,0,1,0,1,0,0,0,6,0,4,0,1,0,1,0,1
115,5,9,0,0,0,0,0,0,0,0,0,0,0,0,4,7,0,0,0,0,0,0,0,0,0,9,0,3,0,0,0,0,0,0,0,9,3,6,0,1,0,0,0,0,0,9,4,7,0,4,0,1,0,0
116,0,9,0,0,0,1,0,0,0,0,0,0,0,0,0,7,0,1,0,0,0,0,0,0,0,8,0,4,0,1,0,0,0,0,5,9,0,5,3,3,0,1,0,0,0,9,0,7,0,4,0,3,0,1
117,3,7,0,0,0,0,0,0,0,0,0,0,0,0,0,3,0,0,0,0,0,0,0,0,0,5,0,2,0,0,0,0,0,0,0,6,0,2,0,1,0,0,0,0,0,6,0,3,0,2,0,1,0,0
118,0,10,0,0,0,1,0,0,0,0,0,0,0,0,0,5,0,1,0,0,0,0,0,0,3,7,0,1,0,1,0,0,0,0,0,9,0,4,1,1,0,1,0,0,0,9,0,5,0,2,0,1,0,1
119,8,9,0,0,0,0,0,0,0,0,0,0,0,0,0,8,0,0,0,0,0,0,0,0,0,9,2,5,0,0,0,0,0,0,7,9,0,6,1,4,0,0,0,0,7,9,0,8,0,6,0,2,0,0
120,5,13,0,0,0,0,0,0,0,0,0,0,0,0,5,9,0,0,0,0,0,0,0,0,5,11,0,3,0,0,0,0,0,0,5,11,4,7,0,2,0,0,0,0,5,11,5,9,0,5,1,1,0,0
121,0,3,0,0,0,0,0,0,0,0,0,0,0,0,0,0,0,0,0,0,0,0,0,0,0,1,0,0,0,0,0,0,0,0,0,1,0,0,0,0,0,0,0,0,0,1,0,0,0,0,0,0,0,0
122,0,3,0,0,0,0,0,0,0,0,0,0,0,0,0,2,0,0,0,0,0,0,0,0,1,2,0,0,0,0,0,0,0,0,0,3,0,0,0,0,0,0,0,0,0,3,0,2,0,0,0,0,0,0
123,3,7,0,0,0,0,0,0,0,0,0,0,0,0,0,3,0,0,0,0,0,0,0,0,0,4,0,1,0,0,0,0,0,0,3,5,0,2,0,0,0,0,0,0,3,5,0,3,0,1,0,0,0,0
124,0,7,0,0,0,1,0,0,0,0,0,0,0,0,0,2,0,1,0,0,0,0,0,0,0,4,0,1,0,1,0,0,0,0,0,6,0,1,0,1,0,1,0,0,3,7,0,2,0,1,0,1,0,1
125,0,9,0,0,0,0,0,0,0,0,0,0,0,0,0,7,0,0,0,0,0,0,0,0,0,9,0,2,0,0,0,0,0,0,0,8,0,6,0,1,0,0,0,0,0,9,0,7,0,4,0,1,0,0
126,0,9,0,0,0,1,0,0,0,0,0,0,0,0,0,6,0,1,0,0,0,0,0,0,5,8,3,3,0,1,0,0,0,0,5,9,0,5,0,3,0,1,0,0,0,9,0,6,0,4,0,2,0,1
127,0,7,0,0,0,0,0,0,0,0,0,0,0,0,0,3,0,0,0,0,0,0,0,0,0,5,0,2,0,0,0,0,0,0,3,6,0,2,0,1,0,0,0,0,3,6,0,3,2,2,0,1,0,0
128,5,9,0,0,0,1,0,0,0,0,0,0,0,0,0,5,0,1,0,0,0,0,0,0,0,7,0,1,0,1,0,0,0,0,0,9,0,4,0,1,0,1,0,0,0,9,0,5,0,2,0,1,0,1
129,8,9,0,0,0,0,0,0,0,0,0,0,0,0,6,8,0,0,0,0,0,0,0,0,6,9,2,5,0,0,0,0,0,0,6,9,4,6,0,3,0,0,0,0,7,9,6,8,0,6,0,2,0,0
130,6,12,0,0,0,0,0,0,0,0,0,0,0,0,0,10,0,0,0,0,0,0,0,0,5,11,3,4,0,0,0,0,0,0,5,11,0,7,0,2,0,0,0,0,5,11,0,10,0,5,0,1,0,0
131,7,8,0,0,0,0,0,0,0,0,0,0,0,0,0,7,0,0,0,0,0,0,0,0,5,7,0,2,0,0,0,0,0,0,5,8,0,5,0,2,0,0,0,0,5,8,0,7,0,2,0,1,0,0
132,0,3,0,0,0,0,0,0,0,0,0,0,0,0,0,1,0,0,0,0,0,0,0,0,0,3,0,0,0,0,0,0,0,0,1,3,0,0,0,0,0,0,0,0,0,3,0,1,0,0,0,0,0,0
133,4,6,0,0,0,1,0,0,0,0,0,0,0,0,0,3,0,1,0,0,0,0,0,0,2,3,0,1,0,1,0,0,0,0,0,5,0,2,1,1,0,1,0,0,3,5,0,3,0,1,1,1,0,1
134,7,13,0,0,0,0,0,0,0,0,0,0,0,0,0,7,0,0,0,0,0,0,0,0,0,9,0,2,0,0,0,0,0,0,0,10,0,4,0,0,0,0,0,0,5,11,0,7,0,3,0,0,0,0
135,7,10,0,0,0,0,0,0,0,0,0,0,0,0,6,9,0,0,0,0,0,0,0,0,7,10,2,4,0,0,0,0,0,0,7,10,0,7,0,2,0,0,0,0,7,10,6,9,0,4,0,1,0,0
136,4,6,0,0,0,1,0,0,0,0,0,0,0,0,0,3,0,1,0,0,0,0,0,0,0,3,0,3,0,1,0,0,0,0,0,4,0,3,0,1,0,1,0,0,0,5,0,3,0,3,0,1,0,1
137,5,6,0,0,0,1,0,0,0,0,0,0,0,0,0,3,0,1,0,0,0,0,0,0,0,4,0,1,0,1,0,0,0,0,0,5,0,2,0,1,0,1,0,1,0,5,0,3,0,1,0,1,0,1
138,5,9,0,0,0,0,0,0,0,0,0,0,0,0,0,3,0,0,0,0,0,0,0,0,0,5,0,2,0,0,0,0,0,0,0,5,3,3,0,1,0,0,0,0,4,5,0,3,0,2,1,1,0,0
139,0,7,0,0,0,0,0,0,0,0,0,0,0,0,0,2,0,0,0,0,0,0,0,0,0,5,0,2,0,0,0,0,0,0,0,6,0,2,0,1,0,0,0,0,0,6,0,2,0,2,0,0,0,0
140,0,9,0,0,0,0,0,0,0,0,0,0,0,0,0,6,0,0,0,0,0,0,0,0,2,7,0,1,0,0,0,0,0,0,2,8,0,5,1,1,0,0,0,0,0,8,0,6,0,1,0,1,0,0
141,2,3,0,0,0,0,0,0,0,0,0,0,0,0,0,0,0,0,0,0,0,0,0,0,0,1,0,0,0,0,0,0,0,0,0,2,0,0,0,0,0,0,0,0,0,2,0,0,0,0,0,0,0,0
142,0,9,0,0,0,0,0,0,0,0,0,0,0,0,0,6,0,0,0,0,0,0,0,0,0,7,0,3,0,0,0,0,0,0,0,7,0,4,0,1,0,0,0,0,0,8,0,6,0,3,0,0,0,0
143,5,7,0,0,0,1,0,0,0,0,0,0,0,0,0,4,0,1,0,0,0,0,0,0,0,5,0,1,0,1,0,0,0,0,0,6,0,2,0,1,0,1,0,0,4,6,0,4,0,1,0,1,0,1
144,8,11,0,0,0,1,0,0,0,0,0,0,0,0,0,7,0,1,0,0,0,0,0,0,0,9,0,5,0,1,0,0,0,0,0,10,4,6,0,4,0,1,0,0,0,10,0,7,3,5,0,4,0,1
145,6,11,0,0,0,0,0,0,0,0,0,0,0,0,0,8,0,0,0,0,0,0,0,0,0,10,0,1,0,0,0,0,0,0,4,10,0,4,0,0,0,0,0,0,4,10,0,8,0,1,0,0,0,0
146,0,5,0,0,0,1,0,0,0,0,0,0,0,0,1,2,0,1,0,0,0,0,0,0,1,4,1,1,0,1,0,0,0,0,0,5,0,2,0,1,0,1,0,0,1,5,1,2,0,1,0,1,0,1
147,3,3,0,0,0,0,0,0,0,0,0,0,0,0,0,1,0,0,0,0,0,0,0,0,0,3,0,1,0,0,0,0,0,0,0,3,0,1,0,0,0,0,0,0,0,3,0,1,0,1,0,0,0,0
148,0,8,0,0,0,0,0,0,0,0,0,0,0,0,0,2,0,0,0,0,0,0,0,0,0,6,0,0,0,0,0,0,0,0,0,7,0,0,0,0,0,0,0,0,0,7,0,2,0,0,0,0,0,0
149,6,7,0,0,0,0,0,0,0,0,0,0,0,0,0,4,0,0,0,0,0,0,0,0,4,5,0,1,0,0,0,0,0,0,0,6,0,2,0,1,0,0,0,0,0,7,0,4,0,2,0,0,0,0
150,0,12,0,0,0,0,0,0,0,0,0,0,0,0,2,7,0,0,0,0,0,0,0,0,4,9,0,1,0,0,0,0,0,0,0,10,0,5,0,1,0,0,0,0,6,11,2,7,0,1,0,1,0,0
151,0,9,0,0,0,0,0,0,0,0,0,0,0,0,4,7,0,0,0,0,0,0,0,0,0,9,0,4,0,0,0,0,0,0,0,9,3,6,0,2,0,0,0,0,0,9,4,7,0,4,0,1,0,0
152,0,8,0,0,0,1,0,0,0,0,0,0,0,0,0,4,0,1,0,0,0,0,0,0,0,5,0,1,0,1,0,1,0,0,0,6,0,4,0,1,0,1,0,1,0,6,0,4,0,2,0,1,0,1
153,2,2,0,0,0,0,0,0,0,0,0,0,0,0,0,1,0,0,0,0,0,0,0,0,0,1,0,1,0,0,0,0,0,0,0,2,0,1,0,1,0,0,0,0,0,2,0,1,0,1,0,1,0,0
154,0,7,0,0,0,0,0,0,0,0,0,0,0,0,0,3,0,0,0,0,0,0,0,0,0,5,0,1,0,0,0,0,0,0,0,6,0,3,0,0,0,0,0,0,0,6,0,3,0,1,0,0,0,0
155,4,9,0,0,0,0,0,0,0,0,0,0,0,0,0,4,0,0,0,0,0,0,0,0,4,5,0,2,0,0,0,0,0,0,4,6,2,4,0,2,0,0,0,0,4,6,0,4,2,2,0,1,0,0
156,0,6,0,0,0,1,0,0,0,0,0,0,0,0,0,2,0,1,0,0,0,0,0,0,0,3,0,1,0,1,0,0,0,0,0,3,0,1,0,1,0,1,0,0,0,3,0,2,0,1,1,1,0,1
157,2,8,0,0,0,0,0,0,0,0,0,0,0,0,0,1,0,0,0,0,0,0,0,0,0,3,0,0,0,0,0,0,0,0,0,4,0,1,0,0,0,0,0,0,2,5,0,1,0,0,0,0,0,0
158,0,10,0,0,0,0,0,0,0,0,0,0,0,0,0,6,0,0,0,0,0,0,0,0,0,7,0,1,0,0,0,0,0,0,0,9,0,5,0,1,0,0,0,0,0,9,0,6,0,1,0,0,0,0
159,7,12,0,0,0,0,0,0,0,0,0,0,0,0,0,8,0,0,0,0,0,0,0,0,6,9,0,3,0,0,0,0,0,0,0,9,0,4,0,1,0,0,0,0,0,10,0,8,0,4,0,1,0,0
160,0,3,0,0,0,2,0,0,0,0,0,0,0,0,0,2,0,2,0,0,0,0,0,0,0,2,0,2,0,2,0,0,0,0,0,2,0,2,0,2,0,2,0,1,0,2,0,2,0,2,0,2,0,2
161,0,5,0,0,0,1,0,0,0,0,0,0,0,0,0,2,0,1,0,0,0,0,0,0,0,4,0,2,0,1,0,1,0,0,0,5,0,2,0,1,0,1,0,1,0,5,0,2,0,2,0,1,0,1
162,0,4,0,0,0,0,0,0,0,0,0,0,0,0,0,2,0,0,0,0,0,0,0,0,0,4,0,2,0,0,0,0,0,0,0,4,2,2,0,2,0,0,0,0,0,4,0,2,0,2,0,2,0,0
163,0,2,0,0,0,0,0,0,0,0,0,0,0,0,0,1,0,0,0,0,0,0,0,0,0,2,0,0,0,0,0,0,0,0,0,2,0,0,0,0,0,0,0,0,2,2,0,1,0,0,0,0,0,0
164,0,9,0,0,0,0,0,0,0,0,0,0,0,0,0,4,0,0,0,0,0,0,0,0,0,5,0,2,0,0,0,0,0,0,0,6,2,3,0,1,0,0,0,0,0,6,0,4,0,2,0,1,0,0
165,3,8,0,0,0,0,0,0,0,0,0,0,0,0,0,4,0,0,0,0,0,0,0,0,2,6,0,1,0,0,0,0,0,0,2,6,0,2,0,0,0,0,0,0,0,7,0,4,0,1,0,0,0,0
166,0,9,0,0,0,1,0,0,0,0,0,0,0,0,0,5,0,1,0,1,0,0,0,0,0,6,0,4,0,1,0,1,0,1,0,7,0,4,0,2,0,1,1,1,0,7,0,5,0,4,0,2,0,1
167,0,10,0,0,0,3,0,0,0,0,0,0,0,0,0,8,0,3,0,2,0,0,0,0,0,9,0,7,0,3,2,2,0,1,0,9,6,8,3,6,0,3,0,2,0,10,0,8,4,7,0,6,0,3
168,4,6,0,0,0,2,0,0,0,0,0,0,0,0,0,5,0,2,0,0,0,0,0,0,0,5,0,4,0,2,0,0,0,0,0,6,0,6,0,4,0,2,0,0,0,6,0,5,0,5,1,3,0,2
169,0,8,0,0,0,2,0,0,0,0,0,0,0,0,5,6,0,2,0,0,0,0,0,0,0,6,0,5,0,2,0,0,0,0,5,8,0,6,2,4,0,2,0,0,5,8,5,6,0,6,0,4,0,2
170,6,10,0,0,0,4,0,0,0,0,0,0,0,0,6,9,0,4,0,1,0,0,0,0,6,9,4,7,0,4,0,1,0,0,6,9,4,9,3,5,0,4,0,2,6,9,6,9,4,8,0,5,0,4
171,7,10,0,0,0,3,0,0,0,0,0,0,0,0,0,11,0,3,0,0,0,0,0,0,8,11,0,8,0,3,0,1,0,0,8,11,5,11,0,6,0,3,0,1,0,11,0,11,0,9,0,4,0,3
172,0,11,0,0,0,4,0,0,0,0,0,0,0,0,0,11,0,4,0,0,0,0,0,0,0,11,5,8,0,4,0,1,0,0,7,11,0,10,4,6,0,4,0,2,7,11,0,11,5,8,0,6,0,4
173,4,6,0,0,0,1,0,0,0,0,0,0,0,0,0,6,0,1,0,0,0,0,0,0,0,6,0,3,0,1,0,0,0,0,0,6,0,4,0,3,0,1,0,1,0,7,0,6,0,3,0,3,0,1
174,0,12,0,0,1,1,0,0,0,0,0,0,0,0,6,9,1,1,0,0,0,0,0,0,6,10,5,7,1,1,0,0,0,0,6,11,0,8,4,5,1,1,0,0,6,12,6,9,5,8,0,5,1,1
175,7,13,0,0,5,7,0,0,0,0,0,0,0,0,0,14,5,7,0,2,0,1,0,0,7,13,7,11,5,7,2,3,0,2,7,13,7,13,0,11,5,7,0,4,7,13,0,14,7,12,6,11,5,7
176,0,9,0,0,0,3,0,0,0,0,0,0,0,0,0,6,0,3,0,1,0,0,0,0,0,7,0,4,0,3,0,1,0,1,0,8,0,6,0,4,0,3,0,1,0,8,0,6,0,5,0,4,0,3
177,7,13,0,0,0,3,0,0,0,0,0,0,0,0,0,11,0,3,0,2,0,1,0,0,6,11,0,8,0,3,0,2,0,2,7,12,0,11,5,7,0,3,0,3,0,12,0,11,0,9,0,6,0,3
178,5,7,0,0,1,1,0,0,0,0,0,0,0,0,0,4,1,1,0,0,0,0,0,0,0,5,0,3,1,1,0,0,0,0,0,5,0,4,0,2,1,1,0,0,5,5,0,4,0,3,0,1,1,1
179,5,9,0,0,0,2,0,0,0,0,0,0,0,0,3,8,0,2,0,0,0,0,0,0,5,8,0,4,0,2,0,1,0,0,5,8,3,7,0,4,0,2,0,1,5,9,3,8,0,4,2,3,0,2
180,2,7,0,0,0,1,0,0,0,0,0,0,0,0,0,4,0,1,0,0,0,0,0,0,3,6,0,3,0,1,0,0,0,0,4,6,0,4,0,2,0,1,0,1,3,7,0,4,0,3,0,2,0,1
181,5,7,0,0,0,3,0,0,0,0,0,0,0,0,0,5,0,3,0,1,0,0,0,0,0,7,3,4,0,3,0,1,0,1,0,7,0,6,0,5,0,3,1,1,0,7,0,5,4,4,0,5,0,3
182,0,12,0,0,0,4,0,0,0,0,0,0,0,0,7,11,0,4,0,0,0,0,0,0,8,11,5,8,0,4,0,1,0,0,8,11,7,10,0,6,0,4,0,3,8,11,7,11,5,8,4,6,0,4
183,9,10,0,0,0,4,0,0,0,0,0,0,0,0,0,10,0,4,0,2,0,1,0,0,0,10,4,8,0,4,0,4,0,1,0,10,0,9,0,6,0,4,0,4,8,10,0,10,0,8,0,6,0,4
184,0,6,0,0,0,1,0,0,0,0,0,0,0,0,0,5,0,1,0,0,0,0,0,0,4,6,0,3,0,1,0,0,0,0,5,6,0,5,0,2,0,1,0,1,4,6,0,5,0,4,0,2,0,1
185,5,9,0,0,0,1,0,0,0,0,0,0,0,0,0,8,0,1,0,1,0,0,0,0,5,9,0,5,0,1,0,1,0,0,5,9,3,7,0,4,0,1,0,1,5,9,0,8,0,5,0,4,0,1
186,0,2,0,0,0,0,0,0,0,0,0,0,0,0,0,3,0,0,0,0,0,0,0,0,0,3,0,2,0,0,0,0,0,0,0,2,0,3,0,2,0,0,0,0,0,2,0,3,0,2,0,2,0,0
187,0,6,0,0,0,1,0,0,0,0,0,0,0,0,3,5,0,1,0,0,0,0,0,0,0,6,0,2,0,1,0,0,0,0,0,6,0,3,0,2,0,1,0,0,0,6,3,5,0,2,0,1,0,1
188,5,12,0,0,0,4,0,0,0,0,0,0,0,0,0,9,0,4,0,0,0,0,0,0,0,10,0,9,0,4,0,1,0,0,0,10,0,9,3,7,0,4,0,2,0,11,0,9,4,9,0,7,0,4
189,8,11,0,0,2,4,0,0,0,0,0,0,0,0,0,10,2,4,0,1,0,0,0,0,7,11,0,7,2,4,0,1,0,0,8,11,0,9,0,6,2,4,0,2,8,11,0,10,0,8,4,5,2,4
190,5,10,0,0,0,1,0,0,0,0,0,0,0,0,0,11,0,1,0,1,0,0,0,0,4,11,4,5,0,1,0,1,0,1,4,11,0,8,0,4,0,1,1,1,4,11,0,11,0,5,0,3,0,1
191,0,11,0,0,0,5,0,0,0,0,0,0,0,0,5,11,0,5,0,1,0,1,0,0,5,11,4,9,0,5,0,2,0,1,6,10,5,11,3,7,0,5,0,3,0,10,5,11,4,9,3,6,0,5
192,0,3,0,0,0,1,0,0,0,0,0,0,0,0,0,2,0,1,0,0,0,0,0,0,0,2,0,1,0,1,0,0,0,0,0,3,0,2,0,1,0,1,0,0,1,3,0,2,0,1,0,1,0,1
193,0,5,0,0,0,3,0,0,0,0,0,0,0,0,0,7,0,3,0,1,0,0,0,0,0,6,0,5,0,3,0,2,0,1,0,6,0,7,3,4,0,3,0,2,0,6,0,7,0,6,0,4,0,3
194,0,1,0,0,0,1,0,0,0,0,0,0,0,0,0,3,0,1,0,0,0,0,0,0,1,3,0,1,0,1,0,0,0,0,0,3,1,2,0,1,0,1,0,0,0,2,0,3,1,1,0,1,0,1
195,0,10,0,0,2,2,0,0,0,0,0,0,0,0,5,9,2,2,0,0,0,0,0,0,0,9,0,7,2,2,0,2,0,0,0,9,0,8,0,6,2,2,0,2,7,10,5,9,0,7,0,4,2,2
196,0,11,0,0,0,3,0,0,0,0,0,0,0,0,0,9,0,3,0,0,0,0,0,0,0,10,0,6,0,3,0,2,0,0,0,11,3,8,0,5,0,3,0,2,0,11,0,9,0,5,0,4,0,3
197,8,12,0,0,1,5,0,0,0,0,0,0,0,0,8,12,1,5,0,0,0,0,0,0,8,13,5,10,1,5,0,0,0,0,8,13,8,10,0,7,1,5,0,3,8,13,8,12,5,10,0,7,1,5
198,5,8,0,0,0,2,0,0,0,0,0,0,0,0,0,8,0,2,0,0,0,0,0,0,4,8,3,5,0,2,0,0,0,0,0,9,5,6,0,5,0,2,0,0,0,9,0,8,0,6,0,4,0,2
199,0,3,0,0,0,0,0,0,0,0,0,0,0,0,0,3,0,0,0,0,0,0,0,0,0,4,0,2,0,0,0,0,0,0,0,4,0,3,0,0,0,0,0,0,0,4,0,3,0,2,0,0,0,0
200,0,3,0,0,0,0,0,0,0,0,0,0,0,0,2,12,0,0,0,0,0,0,0,0,0,4,0,2,0,0,0,0,0,0,0,4,0,2,0,0,0,0,0,0,0,4,2,2,0,2,0,0,0,0
201,0,0,0,0,0,0,0,0,0,0,0,0,0,0,0,10,0,0,0,0,0,0,0,0,0,0,0,0,0,0,0,0,0,0,0,0,0,0,0,1,0,0,0,0,0,0,0,0,0,1,0,1,0,0
202,0,7,0,0,0,2,0,0,0,0,0,0,0,0,4,6,0,2,0,1,0,0,0,0,5,6,0,4,0,2,0,1,0,1,0,7,0,6,2,3,0,2,1,1,0,7,4,6,3,4,0,3,0,2
203,7,13,0,0,2,5,0,0,0,0,0,0,0,0,0,10,2,5,0,1,0,0,0,0,0,11,5,8,2,5,0,3,0,1,7,12,6,9,4,8,2,5,0,4,7,12,0,10,6,9,4,7,2,5
204,0,6,0,0,0,1,0,0,0,0,0,0,0,0,5,7,0,1,0,0,0,0,0,0,0,7,2,3,0,1,0,0,0,0,4,7,0,6,0,3,0,1,0,0,0,7,5,7,0,3,0,2,0,1
205,0,5,0,0,0,1,0,0,0,0,0,0,0,0,0,5,0,1,0,0,0,0,0,0,0,6,0,3,0,1,0,1,0,0,0,6,0,3,0,3,0,1,0,1,0,6,0,5,0,3,0,2,0,1
206,0,12,0,0,0,3,0,0,0,0,0,0,0,0,0,11,0,3,0,1,0,0,0,0,9,11,6,8,0,3,0,2,0,0,9,11,0,9,0,8,0,3,0,2,9,11,0,11,6,8,0,6,0,3
207,0,4,0,0,1,2,0,0,0,0,0,0,0,0,0,3,1,2,0,0,0,0,0,0,0,4,0,2,1,2,0,1,0,0,0,4,0,2,2,2,1,2,0,1,0,4,0,3,0,2,0,2,1,2
208,0,12,0,0,0,4,0,0,0,0,0,0,0,0,7,11,0,4,0,0,0,0,0,0,0,12,4,8,0,4,0,2,0,0,0,12,6,10,0,8,0,4,0,2,0,12,7,11,4,9,3,7,0,4
209,0,6,0,0,0,4,0,0,0,0,0,0,0,0,0,7,0,4,0,0,0,0,0,0,0,7,2,6,0,4,0,2,0,0,0,6,0,7,2,4,0,4,0,3,2,7,0,7,3,6,2,4,0,4
210,0,10,0,0,0,2,0,0,0,0,0,0,0,0,0,9,0,2,0,0,0,0,0,0,0,10,0,6,0,2,0,0,0,0,0,10,0,8,0,6,0,2,0,0,0,10,0,9,0,6,0,5,0,2
211,0,7,0,0,0,1,0,0,0,0,0,0,0,0,0,5,0,1,0,0,0,0,0,0,5,6,0,4,0,1,0,0,0,0,5,7,0,5,0,4,0,1,0,0,5,7,0,5,0,4,1,3,0,1
212,0,3,0,0,0,1,0,0,0,0,0,0,0,0,0,2,0,1,0,1,0,0,0,0,2,3,0,1,0,1,0,1,0,1,2,3,0,2,0,1,0,1,0,1,2,3,0,2,0,2,0,1,0,1
213,5,6,0,0,0,4,0,0,0,0,0,0,0,0,3,7,0,4,0,0,0,0,0,0,0,7,0,6,0,4,0,1,0,0,0,7,0,7,0,5,0,4,0,1,5,7,3,7,0,6,0,5,0,4
214,8,13,0,0,0,5,0,0,0,0,0,0,0,0,8,11,0,5,0,0,0,0,0,0,8,13,5,9,0,5,0,0,0,0,8,13,0,10,0,7,0,5,0,1,8,13,8,11,5,10,0,7,0,5
215,7,10,0,0,0,2,0,0,0,0,0,0,0,0,0,8,0,2,0,0,0,0,0,0,0,8,0,6,0,2,0,0,0,0,0,8,0,8,0,4,0,2,0,0,0,9,0,8,3,7,0,3,0,2
216,0,3,0,0,0,0,0,0,0,0,0,0,0,0,0,3,0,0,0,0,0,0,0,0,2,3,0,2,0,0,0,0,0,0,2,3,0,3,0,1,0,0,0,0,0,3,0,3,0,2,0,1,0,0
217,0,8,0,0,0,1,0,0,0,0,0,0,0,0,3,6,0,1,0,0,0,0,0,0,0,6,0,3,0,1,0,0,0,0,0,6,0,6,0,1,0,1,0,0,0,7,3,6,0,4,0,1,0,1
218,0,2,0,0,0,0,0,0,0,0,0,0,0,0,0,10,0,0,0,0,0,0,0,0,0,0,0,0,0,0,0,0,0,0,0,10,0,0,0,0,0,0,0,0,0,0,0,0,0,0,0,0,0,0
219,7,12,0,0,3,4,0,0,0,0,0,0,0,0,8,11,3,4,0,2,0,0,0,0,8,11,5,10,3,4,0,2,0,1,8,12,6,11,4,10,3,4,2,2,0,12,8,11,0,10,4,8,3,4
220,0,9,0,0,0,2,0,0,0,0,0,0,0,0,0,9,0,2,0,0,0,0,0,0,0,9,0,8,0,2,0,0,0,0,0,9,0,8,0,5,0,2,0,1,0,9,0,9,0,7,2,4,0,2
221,5,9,0,0,0,4,0,0,0,0,0,0,0,0,0,6,0,4,0,0,0,0,0,0,5,6,0,5,0,4,0,1,0,0,5,7,4,6,2,5,0,4,0,1,5,7,0,6,4,5,3,5,0,4
222,5,10,0,0,0,2,0,0,0,0,0,0,0,0,4,6,0,2,0,0,0,0,0,0,0,9,0,5,0,2,0,1,0,0,5,10,0,5,0,4,0,2,1,1,5,10,4,6,0,5,0,4,0,2
223,7,10,0,0,0,5,0,0,0,0,0,0,0,0,6,8,0,5,0,2,0,0,0,0,0,8,0,7,0,5,0,3,0,1,0,9,6,7,0,7,0,5,0,4,0,10,6,8,6,7,5,6,0,5
224,0,8,0,0,0,3,0,0,0,0,0,0,0,0,4,8,0,3,0,0,0,0,0,0,4,8,0,7,0,3,0,0,0,0,4,8,0,7,0,5,0,3,0,0,4,8,4,8,0,7,2,4,0,3
225,0,12,0,0,0,5,0,0,0,0,0,0,0,0,7,10,0,5,0,1,0,0,0,0,7,12,0,7,0,5,0,1,0,0,7,12,0,9,0,6,0,5,1,3,0,12,7,10,6,8,0,6,0,5
226,0,9,0,3,5,6,0,4,0,3,0,3,0,3,0,9,5,6,4,5,0,4,0,4,7,11,0,8,5,6,0,5,0,4,0,11,7,10,0,6,5,6,0,5,0,11,0,9,6,7,0,6,5,6
227,6,11,0,3,5,6,0,4,0,3,0,3,0,3,6,9,5,6,0,5,0,5,0,4,0,10,0,7,5,6,0,5,0,5,0,10,0,8,0,7,5,6,0,5,0,10,6,9,0,7,6,6,5,6
228,0,10,0,3,0,5,0,3,0,3,0,3,0,3,7,10,0,5,0,4,0,3,0,3,6,10,0,8,0,5,0,5,0,3,0,11,7,10,0,7,0,5,0,5,0,11,7,10,0,8,0,6,0,5
229,0,7,0,3,0,5,0,4,0,3,0,3,0,3,5,9,0,5,0,5,0,5,0,4,4,9,0,7,0,5,0,5,3,5,0,8,0,8,5,6,0,5,0,5,0,9,5,9,0,7,5,6,0,5
230,0,7,0,3,0,4,0,4,0,4,0,3,0,3,0,8,0,4,3,4,0,4,0,4,0,8,0,5,0,4,0,4,0,4,0,9,0,8,0,4,0,4,0,4,0,9,0,8,0,5,0,4,0,4
231,0,7,0,3,0,8,0,4,0,3,0,3,0,3,5,10,0,8,0,6,0,5,0,4,5,9,7,8,0,8,0,6,0,6,0,8,6,9,7,8,0,8,0,6,6,8,5,10,7,9,7,8,0,8
232,6,10,0,3,0,5,0,3,3,3,0,3,0,3,0,9,0,5,0,3,0,3,0,3,5,9,0,6,0,5,0,4,0,3,0,9,0,9,0,7,0,5,0,4,0,9,0,9,5,6,0,5,0,5
233,0,8,0,3,0,6,3,3,0,3,0,3,0,3,0,8,0,6,0,6,0,4,3,3,0,8,0,8,0,6,0,6,0,6,0,8,0,8,6,8,0,6,4,6,0,8,0,8,0,8,6,7,0,6
234,0,10,0,3,0,7,0,4,0,3,0,3,0,3,0,9,0,7,0,5,0,4,0,4,7,9,6,7,0,7,0,5,0,5,0,9,0,7,5,7,0,7,0,5,7,9,0,9,0,7,5,7,0,7
235,0,7,0,3,0,6,0,5,0,3,0,3,0,3,0,7,0,6,0,5,0,5,0,5,5,8,0,6,0,6,0,6,0,5,0,8,0,6,0,6,0,6,0,6,0,7,0,7,0,6,0,6,0,6
236,0,8,0,3,0,4,0,3,0,3,0,3,0,3,0,6,0,4,0,4,0,3,0,3,0,7,0,6,0,4,0,4,0,4,0,7,5,6,0,6,0,4,0,4,0,8,0,6,0,6,0,5,0,4
237,0,5,0,3,0,3,0,3,0,3,0,3,0,3,4,4,0,3,0,3,0,3,0,3,0,4,0,3,0,3,0,3,0,3,0,4,0,4,0,3,0,3,0,3,0,4,4,4,0,3,0,3,0,3
238,0,8,0,3,0,3,0,3,0,3,0,3,0,3,0,6,0,3,0,3,0,3,0,3,0,7,0,5,0,3,0,3,0,3,6,7,0,5,0,4,0,3,0,3,6,7,0,6,0,5,0,3,0,3
239,4,5,0,3,0,5,3,3,0,3,0,3,0,3,0,6,0,5,0,4,3,3,3,3,0,6,0,5,0,5,0,5,0,4,0,6,0,5,0,5,0,5,0,5,0,6,0,6,0,5,0,5,0,5
240,0,9,0,3,0,4,0,3,0,3,0,3,0,3,0,5,0,4,0,3,0,3,0,3,0,6,0,4,0,4,0,4,0,3,4,7,0,5,0,4,0,4,0,4,4,8,0,5,0,4,0,4,0,4
241,3,6,0,3,0,4,0,3,0,3,0,3,0,3,0,6,0,4,0,4,3,3,0,3,5,8,0,5,0,4,0,4,0,3,0,8,0,5,0,4,0,4,0,4,0,7,0,6,0,4,0,4,0,4
242,0,7,0,3,4,4,0,3,0,3,0,3,0,3,5,8,4,4,0,4,0,3,0,3,6,8,5,7,4,4,0,4,0,4,6,8,0,7,0,6,4,4,0,4,6,8,5,8,5,6,0,5,4,4
243,4,10,0,3,4,6,3,4,0,3,0,3,0,3,6,8,4,6,0,5,0,4,3,4,0,9,0,7,4,6,0,5,0,5,0,9,7,8,0,7,4,6,0,5,0,9,6,8,0,7,5,7,4,6
244,0,8,0,3,4,5,0,3,0,3,0,3,0,3,0,7,4,5,0,4,0,4,0,3,0,8,0,5,4,5,0,6,0,4,0,9,0,7,0,7,4,5,3,6,0,9,0,7,0,5,4,6,4,5
245,0,9,0,3,0,5,0,3,0,3,0,3,0,3,0,7,0,5,0,4,0,3,0,3,0,7,4,4,0,5,0,6,0,4,0,9,0,6,3,6,0,5,0,6,0,9,0,7,0,6,3,5,0,5
246,0,9,0,3,0,5,0,3,0,3,0,3,0,3,8,11,0,5,0,3,0,3,0,3,6,12,5,10,0,5,0,4,0,3,0,11,8,10,4,8,0,5,0,4,6,10,8,11,0,10,4,7,0,5
247,4,9,0,3,0,5,0,4,0,3,0,3,0,3,6,8,0,5,0,4,0,4,0,4,0,8,0,6,0,5,0,4,0,4,0,8,6,7,0,6,0,5,0,5,0,8,6,8,0,6,0,5,0,5
248,2,3,0,3,4,6,0,4,0,3,0,3,0,3,2,7,4,6,0,5,0,4,0,4,0,5,5,6,4,6,0,5,3,4,0,5,3,7,0,6,4,6,0,5,0,5,2,7,0,6,0,6,4,6
249,0,7,0,3,0,4,0,3,0,3,0,3,0,3,0,6,0,4,0,4,0,3,0,3,5,8,0,6,0,4,0,4,0,4,5,8,0,6,0,5,0,4,0,4,0,8,0,6,0,7,0,4,0,4
250,0,8,0,3,0,4,0,3,0,3,0,3,0,3,0,7,0,4,0,3,0,3,0,3,0,8,0,4,0,4,3,4,0,3,5,8,0,6,0,4,0,4,0,4,0,7,0,7,0,5,0,4,0,4
251,4,10,0,3,0,5,0,3,0,3,0,3,0,3,5,7,0,5,0,4,0,3,0,3,5,9,0,6,0,5,0,4,0,3,5,9,5,7,0,5,0,5,0,4,5,9,5,7,0,6,0,5,0,5
252,6,7,0,3,0,5,0,3,0,3,0,3,0,3,3,10,0,5,3,5,3,4,0,3,0,8,0,7,0,5,0,5,3,5,4,8,0,8,4,7,0,5,0,5,5,8,3,10,4,7,4,6,0,5
253,0,4,0,3,0,5,0,4,0,3,0,3,0,3,3,8,0,5,0,5,3,4,0,4,3,6,0,5,0,5,0,5,0,4,0,5,0,8,0,5,0,5,0,5,0,5,3,8,0,5,0,5,0,5
254,0,1,0,3,3,4,0,3,0,3,0,3,0,3,2,13,3,4,0,4,0,3,0,3,0,1,0,4,3,4,3,4,0,3,0,11,0,4,3,4,3,4,3,4,0,1,2,3,0,4,3,4,3,4
255,0,7,0,3,0,5,0,3,0,3,0,3,0,3,5,8,0,5,0,3,0,3,0,3,0,7,0,5,0,5,0,5,0,3,3,6,0,7,0,5,0,5,0,4,3,6,5,8,0,6,0,5,0,5
256,0,5,0,3,3,4,0,3,0,3,0,3,0,3,0,13,3,4,0,4,0,3,0,3,0,3,0,3,3,4,0,4,0,4,0,4,0,2,0,4,3,4,0,4,0,4,0,3,0,4,0,4,3,4
257,0,5,0,3,0,5,0,4,0,3,0,3,0,3,0,7,0,5,0,5,0,4,0,4,0,5,0,6,0,5,0,5,0,5,3,5,0,8,0,5,0,5,0,5,0,5,0,7,0,6,0,5,0,5
258,5,9,0,3,0,5,3,4,0,3,0,3,0,3,6,11,0,5,0,5,0,5,3,4,5,10,0,9,0,5,0,5,0,5,5,10,6,11,0,9,0,5,0,5,5,9,6,11,6,10,0,9,0,5
259,0,1,0,3,0,3,0,3,0,3,0,3,0,3,0,11,0,3,0,2,0,3,0,3,0,1,0,1,0,3,0,2,0,2,0,11,0,1,0,3,0,3,0,2,0,1,0,1,0,1,0,3,0,3
260,0,4,0,3,3,3,0,3,0,3,0,3,0,3,0,4,3,3,0,3,0,3,0,3,0,3,0,3,3,3,3,3,0,3,0,3,2,5,0,3,3,3,3,3,0,4,0,4,0,3,0,3,3,3
261,0,4,0,3,0,4,0,3,0,3,0,3,0,3,0,6,0,4,0,4,0,4,0,3,0,4,0,5,0,4,0,4,0,4,0,4,5,6,5,6,0,4,4,4,0,4,0,6,0,5,0,6,0,4
262,5,9,0,3,0,8,0,3,0,3,0,3,0,3,0,11,0,8,0,4,0,4,0,3,0,11,0,9,0,8,0,5,0,4,6,9,7,10,0,9,0,8,4,7,6,10,0,11,0,9,0,9,0,8
263,5,7,0,3,0,8,0,3,0,3,0,3,0,3,7,9,0,8,0,5,0,4,0,3,0,10,0,8,0,8,0,5,0,4,6,10,7,9,0,9,0,8,4,7,0,8,7,9,0,8,0,8,0,8
264,0,11,0,3,0,8,0,5,3,3,0,3,0,3,0,10,0,8,0,6,0,5,0,5,0,10,7,8,0,8,0,6,4,6,0,10,0,10,0,8,0,8,5,6,0,11,0,10,0,8,0,8,0,8
265,0,7,0,3,5,7,0,3,0,3,0,3,0,3,0,9,5,7,0,4,0,3,0,3,0,9,8,11,5,7,0,5,0,4,0,9,7,11,7,9,5,7,0,6,0,8,0,9,7,11,0,9,5,7
266,0,3,0,3,0,7,0,3,0,3,0,3,0,3,5,7,0,7,0,4,0,3,0,3,0,4,0,9,0,7,0,4,0,4,3,4,6,9,5,8,0,7,0,5,0,4,5,7,0,9,0,7,0,7
267,5,8,0,3,0,6,0,4,0,3,0,3,0,3,0,9,0,6,0,5,0,5,0,4,5,7,5,8,0,6,0,5,0,5,5,7,5,9,0,7,0,6,0,5,5,7,0,9,5,8,0,7,0,6
268,0,7,0,3,0,5,0,4,0,3,0,3,0,3,0,6,0,5,0,4,0,4,0,4,0,7,0,7,0,5,0,5,0,4,0,7,0,7,0,6,0,5,0,5,0,6,0,6,0,7,0,5,0,5
269,2,3,0,3,0,5,0,4,0,3,0,3,0,3,0,4,0,5,0,4,0,4,0,4,0,4,0,5,0,5,0,4,0,4,0,3,0,3,0,5,0,5,0,4,0,3,0,4,0,5,4,6,0,5
270,0,8,0,3,0,4,0,3,0,3,0,3,0,3,0,8,0,4,0,3,0,3,0,3,0,8,0,6,0,4,0,3,0,3,0,8,7,8,0,5,0,4,0,3,0,8,0,8,0,7,4,5,0,4
271,5,9,0,3,0,8,0,3,0,3,0,3,0,3,8,10,0,8,0,5,0,4,0,3,8,11,0,9,0,8,0,5,0,5,0,10,0,11,0,9,0,8,4,7,6,10,8,10,0,10,0,10,0,8
272,0,8,0,3,0,7,0,4,0,3,0,3,0,3,0,9,0,7,0,5,0,5,0,4,0,8,0,7,0,7,0,6,0,5,5,9,0,9,7,7,0,7,0,6,0,9,0,9,0,8,7,7,0,7
273,0,5,0,3,0,3,0,3,0,3,0,3,0,3,0,3,0,3,0,3,0,3,0,3,0,4,0,3,0,3,0,3,0,3,0,5,0,3,0,3,0,3,0,3,0,5,0,3,0,3,0,3,0,3
274,4,11,0,3,5,6,0,4,0,3,0,3,0,3,0,12,5,6,0,4,3,4,0,4,0,12,0,7,5,6,0,4,0,4,0,12,0,10,0,7,5,6,4,4,0,12,0,12,7,7,0,7,5,6
275,0,5,0,3,4,5,0,3,0,3,0,3,0,3,3,7,4,5,0,4,0,4,0,3,3,7,0,6,4,5,4,4,0,4,3,6,0,6,0,5,4,5,0,4,0,6,3,7,0,6,4,5,4,5
276,5,9,0,3,0,6,0,4,0,3,0,3,0,3,0,9,0,6,0,4,0,4,0,4,7,9,0,7,0,6,0,5,0,4,0,9,0,8,0,7,0,6,0,6,6,9,0,9,7,7,0,7,0,6
277,0,10,0,3,0,4,0,4,0,3,0,3,0,3,0,8,0,4,0,4,0,4,0,4,0,9,0,7,0,4,0,4,0,4,0,10,0,6,0,6,0,4,0,4,0,10,0,8,0,7,0,5,0,4
278,0,2,0,3,0,4,0,3,0,3,0,3,0,3,0,6,0,4,0,4,3,4,0,3,0,6,5,5,0,4,0,4,0,4,0,4,5,5,0,5,0,4,0,4,0,4,0,6,5,5,4,5,0,4
279,6,9,0,3,0,5,0,3,0,3,0,3,0,3,6,8,0,5,0,4,0,4,0,3,0,9,0,6,0,5,0,4,0,4,0,9,0,7,0,6,0,5,0,4,0,9,6,8,0,7,0,6,0,5
280,0,7,0,3,0,6,0,4,0,4,0,3,0,3,0,8,0,6,0,5,3,5,0,4,0,8,6,8,0,6,0,5,0,5,0,8,7,8,0,8,0,6,4,5,0,8,0,8,0,8,5,7,0,6
281,0,3,0,3,0,4,0,3,0,3,0,3,0,3,2,5,0,4,0,3,0,3,0,3,0,3,0,6,0,4,0,3,0,3,0,4,0,6,0,6,0,4,0,3,0,3,2,5,3,6,0,4,0,4
282,0,12,0,2,3,7,1,2,0,2,0,2,0,2,6,11,3,7,1,4,0,2,1,2,7,11,5,8,3,7,0,5,0,4,7,11,0,11,0,8,3,7,0,6,8,11,6,11,5,8,4,8,3,7
283,0,7,0,2,0,4,0,2,0,1,0,2,0,2,0,8,0,4,0,3,1,2,0,2,7,7,0,7,0,4,0,4,0,2,7,7,0,8,5,7,0,4,0,5,7,7,0,8,0,7,0,7,0,4
284,8,10,0,2,0,7,0,2,0,2,0,2,0,2,7,9,0,7,0,4,0,2,0,2,8,9,0,6,0,7,2,4,0,3,8,9,0,8,0,7,0,7,0,6,0,9,7,9,6,6,0,7,0,7
285,5,9,0,2,0,5,0,2,0,2,0,2,0,2,4,7,0,5,0,2,0,2,0,2,5,9,3,5,0,5,0,3,0,2,5,9,0,6,0,5,0,5,0,4,0,8,4,7,0,6,0,5,0,5
286,0,12,0,2,0,6,0,3,0,2,0,2,0,2,0,10,0,6,0,3,0,4,0,3,0,12,5,8,0,6,0,5,0,3,7,11,0,10,0,7,0,6,0,5,7,11,0,10,0,9,0,6,0,6
287,3,4,0,2,0,1,0,1,0,1,0,2,0,2,0,2,0,1,0,1,0,1,0,1,0,3,0,2,0,1,0,1,0,1,0,3,0,2,0,1,0,1,1,1,3,3,0,12,0,2,0,2,0,1
288,0,11,0,2,0,5,0,4,1,2,0,2,0,2,8,12,0,5,0,4,0,4,0,4,8,12,6,9,0,5,0,5,0,4,8,12,0,11,0,8,0,5,0,4,8,11,8,12,6,11,0,7,0,5
289,0,6,0,2,2,3,1,1,0,2,0,2,0,2,0,6,2,3,0,2,1,2,1,1,0,5,0,5,2,3,0,2,0,2,0,5,0,5,3,3,2,3,0,2,0,5,0,6,0,5,2,3,2,3
290,0,9,0,2,3,7,0,2,0,2,0,2,0,2,0,9,3,7,0,2,0,2,0,2,7,9,0,9,3,7,2,3,0,2,0,8,6,9,0,9,3,7,2,5,0,8,0,9,0,9,4,8,3,7
291,0,10,0,2,0,6,0,3,0,3,0,2,0,2,0,10,0,6,0,4,0,2,0,3,0,10,0,9,0,6,0,5,0,3,0,10,0,10,0,7,0,6,0,6,0,10,0,10,0,9,0,7,0,6
292,4,9,0,2,0,3,0,2,0,2,0,2,0,2,0,7,0,3,0,2,0,2,0,2,4,7,0,4,0,3,0,2,0,2,0,8,0,6,0,4,0,3,0,2,0,8,0,7,0,5,0,4,0,3
293,7,11,0,2,0,5,0,3,0,2,0,2,0,2,0,9,0,5,1,4,1,3,0,3,0,10,0,7,0,5,0,4,1,3,0,10,0,7,0,7,0,5,0,4,7,11,0,9,0,7,0,7,0,5
294,0,11,0,2,3,8,0,3,0,2,0,2,0,2,0,9,3,8,2,4,0,4,0,3,7,10,6,8,3,8,0,7,2,4,7,11,0,9,0,8,3,8,0,8,0,11,0,9,6,8,5,8,3,8
295,0,10,0,2,0,5,0,3,0,2,0,2,0,2,0,7,0,5,0,3,0,3,0,3,0,8,0,6,0,5,0,5,2,3,0,8,5,7,3,6,0,5,0,5,5,8,0,7,0,6,3,6,0,5
296,8,11,0,2,4,7,0,2,0,1,0,2,0,2,6,10,4,7,0,4,0,2,0,2,7,12,0,8,4,7,0,5,0,3,0,12,6,10,5,8,4,7,3,5,8,12,6,10,6,9,5,8,4,7
297,6,11,0,2,0,9,0,3,0,2,0,2,0,2,0,10,0,9,0,5,0,4,0,3,0,11,0,10,0,9,3,6,0,5,5,11,6,10,5,11,0,9,0,6,6,11,0,10,0,9,5,11,0,9
298,7,10,0,2,3,5,1,2,0,1,0,1,0,2,7,10,3,5,0,3,1,2,1,2,0,11,5,8,3,5,0,3,0,3,7,10,6,10,4,7,3,5,0,4,7,11,7,10,5,9,4,7,3,5
299,0,7,0,2,0,5,0,1,0,2,0,2,0,2,0,6,0,5,1,3,0,2,0,1,0,6,0,5,0,5,0,3,0,3,0,6,0,5,0,4,0,5,0,4,0,6,0,6,0,5,0,4,0,5
300,0,12,0,2,0,6,0,4,0,2,0,2,0,2,0,11,0,6,0,5,0,4,0,4,0,11,6,10,0,6,0,4,0,5,0,11,6,11,5,8,0,6,0,4,9,11,0,11,6,10,0,7,0,6
301,8,13,0,2,0,6,0,4,0,2,0,2,0,2,7,10,0,6,0,5,0,4,0,4,9,11,0,9,0,6,0,5,0,5,8,11,0,10,4,7,0,6,0,5,8,13,7,10,0,9,0,7,0,6
302,0,9,0,2,0,4,0,3,0,2,0,2,0,2,0,7,0,4,2,3,0,3,0,3,4,7,0,7,0,4,0,5,2,3,4,8,0,7,3,6,0,4,0,5,5,8,0,7,0,7,3,6,0,4
303,0,12,0,2,0,6,1,2,0,3,0,2,0,2,8,11,0,6,0,4,0,3,1,2,0,11,6,8,0,6,0,4,0,4,0,11,0,9,0,8,0,6,0,5,0,12,8,11,0,8,5,8,0,6
304,0,12,0,2,0,6,0,3,0,2,0,2,0,2,0,8,0,6,1,5,0,4,0,3,0,9,5,6,0,6,0,5,0,5,0,10,6,8,0,6,0,6,0,6,0,11,0,8,0,7,0,6,0,6
305,8,11,0,2,0,5,0,2,0,2,0,2,0,2,6,10,0,5,0,3,0,2,0,2,0,11,0,7,0,5,0,4,0,3,0,11,0,9,0,7,0,5,0,4,8,10,6,10,0,7,0,7,0,5
306,0,8,0,2,0,4,0,2,0,2,0,2,0,2,0,8,0,4,0,2,0,2,0,2,5,9,0,7,0,4,1,4,0,2,5,8,0,8,0,7,0,4,0,4,5,8,0,8,0,7,0,6,0,4
307,3,5,0,2,0,2,0,2,0,1,0,2,0,2,0,7,0,2,0,2,0,2,0,2,0,6,0,5,0,2,0,2,0,2,0,6,0,6,0,4,0,2,0,2,0,6,0,7,0,5,0,3,0,2
308,5,9,0,2,0,5,0,3,0,2,0,2,0,2,0,8,0,5,2,3,0,3,0,3,0,9,0,7,0,5,0,4,0,3,0,9,4,6,3,7,0,5,0,5,0,9,0,8,3,7,3,6,0,5
309,0,9,0,2,2,4,1,1,0,2,0,2,0,2,0,7,2,4,1,2,1,1,1,1,0,7,0,6,2,4,1,3,1,2,0,8,0,6,0,5,2,4,0,3,0,8,0,7,0,6,3,4,2,4
310,0,10,0,2,0,4,0,2,0,2,0,2,0,2,0,9,0,4,0,2,0,2,0,2,7,10,0,6,0,4,2,3,0,2,0,10,5,9,0,5,0,4,0,3,0,10,0,9,0,8,4,5,0,4
311,5,7,0,2,0,2,0,1,0,2,0,2,0,2,0,6,0,2,0,1,0,1,0,1,0,6,0,6,0,2,0,2,0,1,0,6,0,7,2,5,0,2,0,2,0,6,0,6,0,6,0,4,0,2
312,0,7,0,2,0,5,0,2,0,2,0,2,0,2,0,8,0,5,0,3,0,2,0,2,5,9,0,7,0,5,0,3,0,3,0,9,0,7,0,7,0,5,0,4,5,9,0,8,0,8,0,7,0,5
313,0,13,0,2,4,8,0,3,0,2,0,2,0,2,7,12,4,8,2,4,0,4,0,3,8,12,6,9,4,8,3,6,2,4,8,13,6,12,0,8,4,8,0,6,8,13,7,12,6,10,0,8,4,8
314,9,14,0,2,5,6,0,3,1,2,0,2,0,2,0,11,5,6,0,5,0,3,0,3,0,12,0,9,5,6,3,5,0,5,0,12,0,9,6,8,5,6,0,6,0,13,0,11,0,9,6,6,5,6
315,0,13,0,2,4,8,0,3,0,2,0,2,0,2,7,12,4,8,2,5,0,3,0,3,8,13,6,9,4,8,3,6,2,4,8,14,0,11,5,8,4,8,0,6,8,14,7,12,6,9,5,9,4,8
316,0,10,0,2,3,5,1,3,0,2,0,2,0,2,0,9,3,5,0,4,1,3,1,3,0,9,5,7,3,5,0,5,0,4,0,9,0,8,0,5,3,5,0,5,0,10,0,9,5,7,0,5,3,5
317,0,9,0,2,3,5,1,1,1,1,0,2,0,2,0,7,3,5,1,3,1,2,1,1,6,9,0,6,3,5,0,5,1,3,6,9,0,7,0,6,3,5,0,5,6,9,0,7,0,6,0,5,3,5
318,0,11,0,2,3,4,0,2,0,1,0,2,0,2,0,8,3,4,0,2,0,2,0,2,5,9,0,7,3,4,0,3,2,2,0,10,0,8,0,6,3,4,0,3,7,10,0,8,0,6,0,5,3,4
319,9,11,0,2,0,7,0,2,0,2,0,2,0,2,0,10,0,7,2,5,0,3,0,2,9,12,0,8,0,7,0,6,0,5,9,12,7,10,6,8,0,7,0,7,0,12,0,10,0,8,6,8,0,7
320,5,9,0,2,0,5,0,3,0,2,0,2,0,2,0,9,0,5,0,5,0,3,0,3,0,10,0,8,0,5,0,4,0,5,0,10,7,9,0,6,0,5,4,4,0,8,0,9,0,9,0,6,0,5
321,6,9,0,2,0,5,0,1,0,2,0,2,0,2,0,9,0,5,0,3,0,2,0,1,0,9,0,7,0,5,2,3,0,3,0,9,0,9,4,6,0,5,3,3,0,9,0,9,5,7,3,6,0,5
322,0,8,0,2,0,6,0,1,0,1,0,1,0,2,5,8,0,6,0,2,0,1,0,1,5,9,4,7,0,6,0,3,0,2,5,9,7,8,0,7,0,6,0,3,5,9,5,8,0,8,0,7,0,6
323,0,10,0,2,0,5,0,2,0,2,0,2,0,2,0,6,0,5,0,3,0,3,0,2,0,9,0,6,0,5,0,4,2,3,0,10,0,6,0,6,0,5,0,5,0,11,0,6,0,6,0,6,0,5
324,8,14,0,2,0,7,0,3,0,2,0,2,0,2,0,12,0,7,3,6,0,3,0,3,8,11,0,8,0,7,0,6,0,5,8,11,7,10,0,8,0,7,0,6,8,13,0,12,0,9,6,7,0,7
325,4,5,0,2,2,3,0,1,0,2,0,2,0,2,0,7,2,3,0,2,0,1,0,1,0,7,0,5,2,3,0,2,0,2,0,7,3,7,3,5,2,3,0,2,0,6,0,7,0,5,2,4,2,3
326,8,13,0,2,4,6,0,3,0,2,0,2,0,2,0,10,4,6,0,5,0,3,0,3,8,11,0,9,4,6,3,5,0,4,8,13,0,10,6,8,4,6,0,5,8,13,0,10,0,9,0,6,4,6
327,0,13,0,2,4,7,0,4,0,3,0,2,0,2,0,12,4,7,3,4,0,4,0,4,0,12,6,10,4,7,0,5,2,4,0,12,7,11,6,9,4,7,0,5,8,12,0,12,6,10,0,8,4,7
328,8,9,0,2,3,5,0,2,0,2,0,2,0,2,6,11,3,5,0,3,0,2,0,2,8,11,0,7,3,5,0,4,0,3,8,11,0,9,0,6,3,5,0,4,8,11,6,11,0,7,0,6,3,5
329,9,18,0,2,5,9,0,3,0,2,0,2,0,2,8,15,5,9,3,5,0,4,0,3,9,16,6,13,5,9,0,7,2,5,9,16,0,13,0,11,5,9,0,7,9,16,8,15,6,13,5,10,5,9
330,9,18,0,2,0,9,0,3,0,2,0,2,0,2,8,15,0,9,0,5,0,4,0,3,9,16,0,13,0,9,0,6,2,5,9,16,7,14,0,11,0,9,0,6,9,16,8,15,7,13,0,10,0,9
331,0,7,0,2,4,7,0,3,0,2,0,2,0,2,0,5,4,7,0,5,0,4,0,3,0,8,6,6,4,7,3,6,0,5,6,7,0,5,0,7,4,7,0,6,0,7,0,5,0,6,0,7,4,7
332,0,6,0,2,0,4,0,2,0,2,0,2,0,2,0,5,0,4,0,3,0,2,0,2,0,6,0,5,0,4,0,3,0,2,0,6,4,6,3,6,0,4,0,3,0,6,0,5,4,5,0,6,0,4
333,9,14,0,2,0,7,0,3,0,2,0,2,0,2,0,11,0,7,3,4,0,3,0,3,8,13,5,10,0,7,3,4,3,4,0,13,0,11,0,9,0,7,0,4,9,14,0,11,5,10,0,7,0,7
334,0,12,0,2,0,7,0,3,0,2,0,2,0,2,0,11,0,7,0,4,0,3,0,3,0,11,6,9,0,7,0,5,2,3,0,12,0,11,0,9,0,7,0,5,0,12,0,11,6,10,0,8,0,7
335,4,7,0,2,0,3,0,2,0,2,0,2,0,2,0,6,0,3,0,3,0,2,0,2,5,6,0,6,0,3,0,2,0,2,6,7,4,7,3,6,0,3,0,3,0,7,0,6,4,5,0,6,0,3
336,8,12,0,2,4,7,0,3,0,2,0,2,0,2,0,11,4,7,0,3,0,3,0,3,8,12,0,10,4,7,0,5,2,3,8,12,0,11,0,8,4,7,0,5,8,12,0,11,0,10,5,8,4,7
337,0,10,0,2,0,5,0,2,0,2,0,2,0,2,6,11,0,5,0,3,0,2,0,2,7,11,0,7,0,5,0,4,0,3,0,11,0,10,4,6,0,5,2,4,0,11,6,11,5,8,0,5,0,5
338,7,8,0,4,4,6,0,5,2,5,2,5,2,4,5,7,4,6,3,5,0,5,0,5,0,6,4,7,4,6,4,5,3,5,4,9,0,6,4,7,4,6,4,6,0,9,5,7,4,7,0,7,4,6
339,6,9,0,4,0,5,0,5,2,4,2,4,2,4,0,8,0,5,0,5,0,5,0,5,0,8,0,6,0,5,3,5,0,5,6,8,0,7,0,6,0,5,3,4,0,8,0,8,0,7,3,6,0,5
340,0,11,0,4,0,7,3,6,0,5,0,4,2,4,7,8,0,7,4,7,4,6,3,6,0,8,5,8,0,7,0,6,4,7,0,9,0,8,5,7,0,7,5,6,0,9,7,8,0,8,0,7,0,7
341,6,9,0,4,0,5,0,5,0,4,0,4,0,4,0,9,0,5,0,5,0,5,0,5,5,10,0,7,0,5,0,5,0,5,0,10,0,9,0,7,0,5,0,5,0,10,0,9,0,7,0,7,0,5
342,4,5,0,4,0,6,2,4,2,4,2,4,2,4,4,7,0,6,2,5,2,4,2,4,0,8,4,8,0,6,0,5,2,4,0,7,0,7,4,8,0,6,3,5,0,6,4,7,4,8,3,6,0,6
343,0,8,0,4,2,7,0,4,0,4,0,4,0,4,5,10,2,7,0,4,0,4,0,4,0,9,0,8,2,7,0,5,0,4,0,9,5,9,0,8,2,7,0,5,0,9,5,10,0,8,0,8,2,7
344,5,8,0,4,0,4,0,5,2,4,2,4,2,4,0,6,0,4,0,4,0,5,0,5,0,6,0,6,0,4,0,4,0,4,0,6,5,6,0,6,0,4,0,4,0,6,0,6,0,6,0,5,0,4
345,5,12,0,4,0,7,0,5,0,5,0,4,2,4,0,9,0,7,0,5,0,5,0,5,5,10,0,10,0,7,0,6,0,5,5,10,6,9,4,9,0,7,0,6,5,11,0,9,5,10,4,9,0,7
346,0,11,0,4,0,9,2,6,2,4,2,4,2,4,0,10,0,9,0,6,0,5,2,6,0,10,0,9,0,9,4,6,0,6,0,11,0,9,5,9,0,9,0,7,0,12,0,10,0,9,0,9,0,9
347,0,6,0,4,0,5,2,5,2,4,2,4,2,4,0,5,0,5,0,6,2,6,2,5,0,4,0,5,0,5,0,5,0,6,0,6,0,5,0,4,0,5,0,5,0,6,0,5,3,5,0,5,0,5
348,0,7,0,4,0,5,0,5,0,5,0,4,0,4,0,8,0,5,0,5,3,6,0,5,0,6,0,6,0,5,4,5,0,5,5,6,0,7,0,5,0,5,4,5,5,6,0,8,0,7,0,5,0,5
349,2,6,0,4,0,6,0,4,2,4,2,4,2,4,0,5,0,6,2,6,0,5,0,4,0,5,0,6,0,6,0,6,0,5,0,6,0,5,0,7,0,6,0,6,0,6,0,5,0,6,0,7,0,6
350,6,10,0,4,2,7,2,5,2,4,2,4,2,4,6,9,2,7,2,5,2,5,2,5,0,10,0,7,2,7,0,7,2,5,0,10,5,9,0,7,2,7,0,7,0,10,6,9,5,8,0,7,2,7
351,0,10,0,4,0,6,0,5,0,4,0,4,0,4,4,8,0,6,0,6,0,6,0,5,5,8,0,6,0,6,0,6,0,6,6,8,0,7,0,5,0,6,0,6,6,8,4,8,0,6,0,5,0,6
352,5,9,0,4,0,6,0,5,2,5,2,4,2,4,0,8,0,6,0,5,0,5,0,5,0,8,0,6,0,6,0,6,0,5,0,8,5,7,0,6,0,6,3,6,5,8,0,8,5,6,0,6,0,6
353,0,10,0,4,0,6,0,5,2,4,2,4,2,4,0,8,0,6,0,5,0,5,0,5,5,9,0,7,0,6,2,5,0,5,0,10,0,7,0,7,0,6,0,5,0,10,0,8,0,7,0,7,0,6
354,0,9,0,4,0,5,0,5,0,4,0,4,0,4,0,8,0,5,0,6,0,6,0,5,5,9,0,7,0,5,0,6,0,6,6,9,0,7,0,6,0,5,0,5,6,8,0,8,0,7,3,5,0,5
355,5,9,0,4,0,6,0,5,0,4,0,4,0,4,0,9,0,6,0,5,0,5,0,5,5,9,3,5,0,6,3,5,0,5,5,9,0,6,0,5,0,6,3,5,5,9,0,9,3,5,0,6,0,6
356,0,10,0,4,0,6,0,5,2,4,2,4,2,4,0,8,0,6,0,5,0,5,0,5,6,8,0,7,0,6,3,5,0,5,6,8,0,7,0,7,0,6,3,6,0,8,0,8,4,7,0,7,0,6
357,0,11,0,4,0,8,0,5,2,5,2,4,2,4,0,9,0,8,0,6,0,5,0,5,5,9,0,9,0,8,0,5,0,6,5,10,0,9,0,9,0,8,0,6,5,11,0,9,0,9,0,9,0,8
358,6,8,0,4,0,7,0,6,0,4,2,4,2,4,0,9,0,7,0,5,0,6,0,6,0,8,0,9,0,7,0,5,4,5,0,8,7,10,0,8,0,7,0,5,0,9,0,9,0,9,0,7,0,7
359,0,12,0,4,0,10,2,6,2,4,2,4,2,4,8,13,0,10,0,6,0,6,2,6,8,12,0,11,0,10,0,9,0,6,0,12,8,12,6,11,0,10,0,10,0,13,8,13,0,11,6,11,0,10
360,0,7,0,4,4,5,0,4,2,4,2,4,2,4,0,7,4,5,0,5,0,4,0,4,0,6,0,7,4,5,0,5,0,5,0,7,0,8,0,7,4,5,0,5,0,7,0,7,0,7,0,7,4,5
361,0,10,0,4,4,7,0,5,2,5,2,4,2,4,6,8,4,7,0,6,0,5,0,5,0,9,0,7,4,7,0,6,0,6,6,9,5,8,5,7,4,7,3,6,0,8,6,8,0,8,5,7,4,7
362,0,6,0,4,0,6,2,4,2,4,2,4,2,4,0,6,0,6,0,6,0,4,2,4,0,5,0,8,0,6,0,6,0,6,0,5,0,7,0,7,0,6,0,6,0,5,0,6,0,8,0,7,0,6
363,0,8,0,4,4,7,0,5,0,4,0,4,2,4,0,7,4,7,0,6,0,5,0,5,6,8,4,7,4,7,0,6,0,6,5,8,0,6,0,7,4,7,0,6,5,8,0,7,5,7,0,7,4,7
364,2,6,0,4,4,5,0,4,0,4,2,4,2,4,0,8,4,5,0,4,0,4,0,4,3,6,4,8,4,5,0,5,0,4,0,6,0,9,0,6,4,5,0,5,0,6,0,8,0,8,3,6,4,5
365,5,9,0,4,0,7,0,4,0,4,2,4,2,4,0,8,0,7,3,5,0,4,0,4,5,9,0,8,0,7,0,5,0,5,5,9,0,8,3,7,0,7,0,6,5,9,0,8,0,8,0,7,0,7
366,4,6,0,4,3,6,0,4,2,4,2,4,2,4,2,5,3,6,0,5,0,4,0,4,0,5,2,5,3,6,0,5,0,5,0,6,2,3,0,6,3,6,3,5,0,6,2,5,0,5,3,7,3,6
367,1,1,0,4,0,3,0,4,2,4,2,4,2,4,0,11,0,3,0,4,0,3,0,4,0,1,0,2,0,3,0,4,0,3,0,11,0,1,0,2,0,3,0,3,0,1,0,11,0,2,0,2,0,3
368,0,6,0,4,0,6,0,4,0,4,0,4,0,4,0,7,0,6,3,6,0,4,0,4,0,6,0,8,0,6,3,6,0,6,0,7,0,7,0,8,0,6,3,6,0,7,0,7,2,8,3,7,0,6
369,0,9,0,4,0,8,0,6,0,5,0,5,2,4,0,10,0,8,0,5,0,4,0,6,0,8,5,9,0,8,0,6,0,5,0,8,0,9,5,9,0,8,0,7,0,8,0,10,0,9,0,9,0,8
370,7,11,0,4,0,9,0,5,0,4,0,4,0,4,7,10,0,9,3,7,0,5,0,5,7,10,5,10,0,9,0,9,0,5,7,11,7,10,5,9,0,9,0,9,7,11,7,10,6,10,5,9,0,9
371,0,1,0,4,0,3,0,4,2,4,2,4,2,4,0,3,0,3,0,4,0,4,0,4,0,1,0,3,0,3,0,4,0,4,0,1,0,3,0,4,0,3,0,4,0,1,0,13,0,3,0,3,0,3
372,5,9,0,4,0,7,0,4,0,4,0,4,2,4,0,8,0,7,0,6,3,5,0,4,0,8,4,9,0,7,0,8,0,6,0,8,0,8,0,8,0,7,0,8,0,8,0,8,0,9,0,7,0,7
373,0,2,0,4,0,1,0,2,0,3,0,4,0,4,1,11,0,1,0,2,0,2,0,2,0,1,0,1,0,1,0,2,0,2,0,1,0,1,0,1,0,1,0,2,0,1,1,1,0,1,0,1,0,1
374,0,9,0,4,0,7,0,5,2,4,2,4,2,4,0,10,0,7,3,5,0,5,0,5,0,10,5,7,0,7,4,5,3,5,0,8,0,9,0,8,0,7,4,5,0,9,0,10,5,8,4,7,0,7
375,4,8,0,4,0,5,2,4,2,4,2,4,2,4,0,8,0,5,0,5,0,4,2,4,5,9,0,9,0,5,0,6,0,5,5,9,0,7,3,7,0,5,0,6,0,8,0,8,0,9,3,7,0,5
376,4,9,0,4,0,5,2,4,2,4,2,4,2,4,0,8,0,5,0,5,0,4,2,4,0,8,0,9,0,5,0,6,3,4,5,8,0,8,3,8,0,5,0,6,5,8,0,8,0,8,0,7,0,5
377,0,10,0,4,0,7,0,5,0,4,0,4,0,4,0,9,0,7,0,6,0,5,0,5,0,10,0,6,0,7,2,6,0,5,0,9,0,9,0,6,0,7,2,6,0,10,0,9,0,6,0,6,0,7
378,2,6,0,4,0,5,2,4,0,4,0,4,0,4,2,4,0,5,0,5,0,4,2,4,0,5,0,3,0,5,0,5,0,5,0,5,2,3,0,4,0,5,0,5,0,5,2,4,0,3,0,4,0,5
379,0,8,0,4,0,6,0,5,2,5,2,4,2,4,4,8,0,6,0,5,0,4,0,5,6,7,4,5,0,6,0,5,0,4,0,8,0,8,0,5,0,6,0,6,0,8,4,8,0,7,0,6,0,6
380,6,10,0,4,3,7,0,5,2,5,2,4,2,4,0,9,3,7,0,5,0,5,0,5,6,8,4,8,3,7,3,5,0,5,6,9,5,9,0,8,3,7,3,5,6,9,0,9,0,8,0,7,3,7
381,0,4,0,4,2,2,2,4,2,4,2,4,2,4,0,12,2,2,0,4,2,4,2,4,0,3,0,3,2,2,0,3,0,4,0,4,0,2,0,2,2,2,0,3,0,4,0,12,0,3,0,2,2,2
382,0,5,0,4,3,7,0,5,0,4,2,4,2,4,0,5,3,7,0,6,0,5,0,5,0,4,0,7,3,7,0,6,0,5,0,4,2,6,0,7,3,7,3,6,0,4,0,5,2,6,0,7,3,7
383,0,9,0,4,0,6,0,5,0,4,2,4,2,4,6,10,0,6,4,6,0,5,0,5,0,9,0,10,0,6,0,6,0,6,7,9,0,10,0,9,0,6,0,6,7,9,6,10,0,10,0,7,0,6
384,0,11,0,4,0,7,0,5,0,5,0,4,0,4,0,10,0,7,0,7,0,6,0,5,5,10,0,10,0,7,4,7,4,6,5,11,4,10,0,10,0,7,4,7,0,12,0,10,0,10,0,9,0,7
385,0,5,0,4,0,4,2,5,0,4,0,4,0,4,0,6,0,4,2,4,2,5,2,5,0,5,0,6,0,4,0,4,2,4,3,5,0,6,0,4,0,4,0,4,0,5,0,6,0,5,0,4,0,4
386,0,8,0,4,0,8,0,5,2,5,2,4,2,4,5,9,0,8,0,6,0,5,0,5,4,9,0,8,0,8,0,7,0,6,0,9,0,9,5,8,0,8,0,8,0,9,5,9,0,8,0,8,0,8
387,0,8,0,4,4,6,0,6,0,5,2,5,2,4,0,9,4,6,0,6,0,5,0,6,5,8,4,7,4,6,0,6,0,5,0,8,4,8,4,7,4,6,0,6,0,8,0,9,4,7,4,7,4,6
388,0,4,0,4,0,5,2,4,2,4,2,4,2,4,5,8,0,5,0,5,0,5,2,4,0,5,0,8,0,5,0,5,0,5,0,5,0,8,0,7,0,5,0,4,0,4,5,8,4,9,0,7,0,5
389,0,8,0,4,0,6,0,4,0,4,0,4,0,4,0,16,0,6,0,4,0,3,0,4,4,7,4,6,0,6,0,4,0,4,0,9,5,6,4,6,0,6,0,4,0,8,0,6,4,6,3,5,0,6
390,5,10,0,4,4,7,0,5,0,4,0,4,0,4,4,9,4,7,0,7,0,5,0,5,5,9,4,10,4,7,0,7,0,6,5,10,4,10,4,8,4,7,0,7,0,9,4,9,4,10,4,8,4,7
391,0,12,0,4,0,8,0,5,0,5,0,5,2,4,0,8,0,8,0,6,3,5,0,5,0,9,0,9,0,8,0,7,4,6,7,10,0,8,0,8,0,8,0,7,0,10,0,8,0,8,0,8,0,8
392,0,2,0,0,0,0,0,0,0,0,0,0,0,0,0,0,0,0,0,0,0,0,0,0,0,0,0,0,0,0,0,0,0,0,0,0,0,0,0,0,0,0,0,0,0,0,0,0,0,0,0,0,0,0
393,0,3,0,0,0,0,0,0,0,0,0,0,0,0,0,3,0,0,0,0,0,0,0,0,0,3,0,3,0,0,0,0,0,0,0,3,0,3,0,3,0,0,0,0,0,3,0,13,0,3,0,2,0,0
394,0,0,0,0,0,0,0,0,0,0,0,0,0,0,0,10,0,0,0,0,0,1,0,0,0,0,0,0,0,0,0,0,0,1,0,0,0,0,0,0,0,0,0,0,0,0,0,10,0,0,0,0,0,0
395,0,9,0,0,0,1,0,1,0,0,0,0,0,0,3,6,0,1,1,1,0,1,0,1,5,6,0,2,0,1,0,1,0,1,0,7,0,6,0,2,0,1,0,1,0,7,3,6,0,3,0,1,0,1
396,0,8,0,0,0,2,0,0,0,0,0,0,0,0,0,6,0,2,0,0,0,0,0,0,5,8,2,4,0,2,0,1,0,0,5,8,0,6,2,3,0,2,0,1,5,8,0,6,2,4,0,2,0,2
397,0,2,0,0,0,1,0,0,0,0,0,0,0,0,0,12,0,1,0,1,0,0,0,0,0,2,0,1,0,1,0,1,0,0,0,12,0,1,0,1,0,1,0,1,0,2,0,12,0,1,1,1,0,1
398,0,2,0,0,0,0,0,0,0,0,0,0,0,0,0,10,0,0,0,0,0,0,0,0,0,2,0,0,0,0,0,0,0,0,0,2,0,0,0,0,0,0,0,0,0,2,0,10,0,0,0,0,0,0
399,0,11,0,0,0,2,0,1,0,0,0,0,0,0,4,8,0,2,0,1,0,1,0,1,4,11,0,4,0,2,0,1,0,1,4,12,0,6,0,3,0,2,0,2,0,12,4,8,0,5,2,3,0,2
400,1,4,0,0,0,0,0,0,0,0,0,0,0,0,0,10,0,0,0,0,0,0,0,0,0,0,0,0,0,0,0,0,0,0,0,1,0,0,0,0,0,0,0,0,0,1,0,0,0,0,0,0,0,0
401,0,12,0,0,0,3,0,1,0,1,0,0,0,0,0,18,0,3,0,2,0,1,0,1,0,10,3,9,0,3,0,2,0,1,0,11,7,9,0,6,0,3,0,2,0,11,0,8,0,9,0,5,0,3
402,0,11,0,0,0,4,0,1,0,0,0,0,0,0,7,11,0,4,1,2,0,1,0,1,8,11,6,9,0,4,1,2,0,1,8,11,0,11,0,6,0,4,0,2,8,11,7,11,0,10,3,6,0,4
403,3,5,0,0,0,1,0,0,0,0,0,0,0,0,0,4,0,1,0,0,0,0,0,0,0,5,0,3,0,1,0,1,0,0,0,5,0,4,0,3,0,1,0,1,0,5,0,4,0,3,0,2,0,1
404,7,13,0,0,0,3,0,0,0,0,0,0,0,0,3,8,0,3,0,1,0,0,0,0,6,10,0,5,0,3,0,1,0,1,7,11,2,8,0,4,0,3,0,1,7,12,3,8,0,6,0,3,0,3
405,1,4,0,0,0,2,0,0,0,0,0,0,0,0,0,6,0,2,0,0,0,0,0,0,2,6,0,3,0,2,0,1,0,0,0,4,0,6,0,2,0,2,0,2,0,4,0,6,0,3,0,2,0,2
406,2,4,0,0,0,2,0,0,0,0,0,0,0,0,0,14,0,2,0,1,0,1,0,0,0,5,0,3,0,2,0,2,0,1,2,4,0,2,0,3,0,2,0,2,2,4,0,4,0,2,0,3,0,2
407,0,13,0,0,0,3,0,1,0,0,0,0,0,0,0,7,0,3,0,1,0,1,0,1,0,9,0,6,0,3,0,1,0,1,0,10,0,6,0,5,0,3,0,1,0,11,0,7,0,5,0,5,0,3
408,10,17,0,0,2,7,0,1,0,1,0,0,0,0,9,16,2,7,1,3,0,1,0,1,9,17,0,12,2,7,0,4,0,2,10,17,9,16,5,11,2,7,0,5,10,17,9,16,0,14,5,11,2,7
409,6,11,0,0,0,4,0,1,0,0,0,0,0,0,0,8,0,4,0,1,0,1,0,1,0,11,2,6,0,4,1,1,0,1,5,11,3,7,0,5,0,4,0,2,6,10,0,8,2,6,0,5,0,4
410,0,10,0,0,1,3,0,0,0,0,0,0,0,0,0,14,1,3,0,2,0,1,0,0,0,6,0,4,1,3,0,3,0,1,4,7,0,4,0,3,1,3,0,3,4,8,0,4,0,3,2,3,1,3
411,0,6,0,0,0,0,0,0,0,0,0,0,0,0,0,12,0,0,0,0,0,0,0,0,0,3,0,0,0,0,0,0,0,0,0,5,0,2,0,0,0,0,0,0,0,5,0,2,0,0,0,0,0,0
412,0,6,0,0,0,4,0,1,0,0,0,0,0,0,5,8,0,4,0,1,0,1,0,1,0,6,0,7,0,4,0,1,0,1,0,6,0,8,4,7,0,4,0,2,0,6,5,8,0,7,0,6,0,4
413,0,4,0,0,0,1,0,1,0,1,0,0,0,0,0,2,0,1,0,1,0,1,0,1,0,3,0,3,0,1,0,1,0,1,0,4,0,3,0,2,0,1,0,1,0,4,0,2,0,3,0,2,0,1
414,0,0,0,0,0,0,0,0,0,0,0,0,0,0,0,10,0,0,0,0,0,0,0,0,0,0,0,0,0,0,0,0,0,0,0,0,0,0,0,0,0,0,0,0,0,0,0,0,0,0,0,0,0,0
415,3,3,0,0,0,1,0,0,0,0,0,0,0,0,0,2,0,1,0,0,0,0,0,0,2,3,0,0,0,1,0,1,0,0,0,3,0,2,0,1,0,1,0,1,0,3,0,2,0,0,0,0,0,1
416,0,5,0,0,0,1,0,0,0,0,0,0,0,0,0,4,0,1,0,0,0,0,0,0,0,5,0,1,0,1,0,1,0,0,4,5,0,2,0,1,0,1,0,1,4,5,0,4,1,1,0,2,0,1
417,0,4,0,0,0,3,0,1,0,0,0,0,0,0,0,5,0,3,0,1,0,1,0,1,0,4,0,4,0,3,1,1,0,1,4,5,0,5,2,3,0,3,0,1,0,5,0,5,0,4,0,3,0,3
418,0,4,0,0,0,1,0,0,0,0,0,0,0,0,0,2,0,1,0,0,0,0,0,0,0,2,0,2,0,1,0,0,0,0,0,4,0,2,1,1,0,1,0,0,0,4,0,2,0,2,1,1,0,1
419,4,7,0,0,0,1,0,0,0,0,0,0,0,0,0,7,0,1,0,0,0,0,0,0,5,7,0,3,0,1,0,0,0,0,5,7,3,5,0,2,0,1,0,0,0,7,0,7,0,3,0,2,0,1
420,0,1,0,0,0,0,0,0,0,0,0,0,0,0,0,11,0,0,0,0,0,0,0,0,1,1,0,0,0,0,0,0,0,0,0,11,0,0,0,0,0,0,0,0,0,1,0,1,0,0,0,0,0,0
421,0,2,0,0,0,0,0,0,0,0,0,0,0,0,0,0,0,0,0,0,0,0,0,0,0,2,0,0,0,0,0,0,0,0,0,3,0,0,0,0,0,0,0,0,0,2,0,0,0,0,0,0,0,0
422,9,13,0,0,0,6,0,1,0,1,0,1,0,0,7,11,0,6,0,2,0,1,0,1,8,12,4,9,0,6,0,2,0,2,8,13,6,11,3,8,0,6,0,2,8,13,7,11,5,10,3,7,0,6
423,0,2,0,0,1,1,0,0,0,0,0,0,0,0,0,3,1,1,0,1,0,1,0,0,0,2,0,3,1,1,0,1,0,1,0,2,0,3,0,2,1,1,1,1,0,2,0,3,0,3,0,2,1,1
424,0,4,0,0,0,1,0,0,0,0,0,0,0,0,0,3,0,1,0,0,0,0,0,0,3,3,0,2,0,1,0,0,0,0,0,3,1,3,0,1,0,1,0,0,0,4,0,3,0,2,0,1,0,1
425,3,5,0,0,0,1,0,1,0,0,0,0,0,0,0,12,0,1,0,1,0,1,0,1,0,5,0,1,0,1,0,1,0,1,0,5,0,2,0,1,0,1,0,1,0,5,0,2,0,1,0,1,0,1
426,0,5,0,0,0,2,0,0,0,0,0,0,0,0,0,4,0,2,0,1,0,0,0,0,0,6,0,3,0,2,0,1,0,1,0,6,0,4,0,2,0,2,0,1,0,6,0,4,0,3,0,2,0,2
427,0,7,0,0,0,1,0,0,0,0,0,0,0,0,0,4,0,1,0,1,0,0,0,0,0,4,0,1,0,1,0,1,0,1,0,6,0,1,0,1,0,1,0,1,0,6,0,4,0,1,0,1,0,1
428,0,4,0,0,0,1,0,0,0,0,0,0,0,0,0,12,0,1,0,0,0,0,0,0,2,2,0,1,0,1,0,0,0,0,0,12,1,1,0,1,0,1,0,0,0,3,0,2,0,1,0,1,0,1
429,0,12,0,0,0,3,0,1,0,0,0,0,0,0,0,12,0,3,0,1,0,1,0,1,0,12,5,7,0,3,0,2,0,1,0,12,0,9,0,7,0,3,0,2,0,12,0,12,5,7,4,6,0,3
430,0,2,0,0,0,0,0,0,0,0,0,0,0,0,0,1,0,0,0,0,0,0,0,0,0,2,0,0,0,0,0,0,0,0,0,2,0,1,0,0,0,0,0,0,0,2,0,1,0,0,0,0,0,0
431,4,10,0,0,0,1,0,0,0,0,0,0,0,0,0,8,0,1,0,1,0,1,0,0,0,9,0,4,0,1,0,1,0,1,3,10,3,7,0,1,0,1,0,1,0,10,0,8,0,5,1,1,0,1
432,7,9,0,0,0,1,0,1,0,0,0,0,0,0,0,7,0,1,0,1,0,1,0,1,0,8,0,7,0,1,0,1,0,1,7,8,0,7,3,6,0,1,0,1,7,9,0,7,0,7,0,5,0,1
433,0,0,0,0,0,1,0,0,0,0,0,0,0,0,0,10,0,1,0,1,0,1,0,0,0,1,0,0,0,1,0,1,0,1,0,1,0,0,0,1,0,1,0,1,0,1,0,10,0,0,0,1,0,1
434,5,5,0,0,0,0,0,0,0,0,0,0,0,0,0,13,0,0,0,0,0,0,0,0,0,5,0,0,0,0,0,1,0,0,3,5,0,1,0,1,0,0,0,1,3,5,0,13,0,0,0,1,0,0
435,9,12,0,0,0,2,0,0,0,0,0,0,0,0,7,8,0,2,0,0,0,0,0,0,0,10,0,7,0,2,0,1,0,0,0,11,5,8,0,4,0,2,0,1,0,11,7,8,0,7,0,3,0,2
436,0,11,0,0,2,4,0,0,0,0,0,0,0,0,4,9,2,4,0,4,0,1,0,0,0,10,0,6,2,4,0,4,0,4,6,10,4,8,0,5,2,4,0,4,6,11,4,9,0,6,3,5,2,4
437,0,6,0,0,0,1,0,0,0,0,0,0,0,0,2,6,0,1,0,0,0,0,0,0,0,6,0,3,0,1,0,0,0,0,2,6,0,4,0,1,0,1,0,0,0,6,2,6,0,3,0,1,0,1
438,0,6,0,0,0,2,0,1,0,1,0,0,0,0,0,13,0,2,0,2,1,1,0,1,0,3,0,2,0,2,0,2,0,1,0,4,0,2,0,2,0,2,0,2,0,6,0,3,0,2,0,2,0,2
439,0,3,0,0,0,1,0,0,0,0,0,0,0,0,0,2,0,1,0,1,0,1,0,0,0,3,0,1,0,1,0,1,0,1,0,12,0,2,0,1,0,1,0,1,0,2,0,2,0,1,1,1,0,1
440,0,3,0,0,0,0,0,0,0,0,0,0,0,0,0,12,0,0,0,0,0,0,0,0,0,3,0,0,0,0,0,0,0,0,0,3,0,0,0,0,0,0,0,0,0,3,0,2,0,0,0,0,0,0
441,3,5,0,0,0,1,0,0,0,0,0,0,0,0,0,12,0,1,0,1,0,1,0,0,0,3,0,0,0,1,0,1,0,1,0,3,0,1,0,1,0,1,0,1,2,4,0,2,0,1,0,1,0,1
442,0,8,0,0,1,2,0,0,0,0,0,0,0,0,4,7,1,2,0,1,0,0,0,0,0,8,0,5,1,2,0,2,0,0,0,9,0,6,0,4,1,2,0,2,4,8,4,7,0,6,0,3,1,2
443,0,2,0,0,0,1,0,0,0,0,0,0,0,0,0,11,0,1,0,1,0,1,0,0,0,1,0,1,0,1,0,1,0,1,0,2,0,1,0,1,0,1,0,1,0,2,0,11,1,1,1,1,0,1
444,0,2,0,0,0,0,0,0,0,0,0,0,0,0,0,1,0,0,0,0,0,0,0,0,0,1,0,0,0,0,0,0,0,0,1,11,0,1,0,0,0,0,0,0,1,11,0,11,0,1,0,0,0,0
445,0,2,0,0,1,1,0,0,0,0,0,0,0,0,0,11,1,1,0,0,0,0,0,0,0,2,0,1,1,1,0,1,0,0,0,2,0,1,0,1,1,1,0,1,0,2,0,11,0,1,0,1,1,1
446,0,6,0,0,0,1,0,0,0,0,0,0,0,0,1,4,0,1,0,0,0,0,0,0,0,4,0,2,0,1,0,1,0,0,0,5,0,3,0,2,0,1,0,1,0,6,1,4,0,3,0,1,0,1
447,7,10,0,0,0,1,0,1,0,0,0,0,0,0,0,9,0,1,0,1,0,1,0,1,6,11,0,5,0,1,0,1,0,1,6,11,0,8,0,3,0,1,0,1,6,11,0,9,0,6,0,2,0,1
448,0,5,2,4,3,4,0,4,0,3,0,3,2,3,0,5,3,4,0,4,0,4,0,4,0,5,0,3,3,4,0,3,0,4,0,5,0,4,0,4,3,4,2,3,0,5,0,5,0,3,0,4,3,4
449,0,3,2,4,0,5,2,4,0,4,2,4,2,4,0,4,0,5,1,5,2,4,2,4,0,4,0,6,0,5,0,5,1,5,0,3,0,5,0,5,0,5,2,5,0,3,0,4,0,5,2,4,0,5
450,7,11,2,4,3,6,0,4,2,3,2,3,2,3,5,10,3,6,0,4,0,4,0,4,0,10,0,8,3,6,0,5,0,4,6,10,0,9,5,8,3,6,0,5,7,11,5,10,0,7,5,8,3,6
451,0,5,2,4,3,8,0,5,0,4,2,4,2,4,3,8,3,8,0,6,0,5,0,5,4,7,4,9,3,8,3,6,0,6,3,7,3,9,4,8,3,8,3,6,3,6,3,8,0,9,4,8,3,8
452,9,15,2,4,5,11,0,7,2,7,0,5,0,5,9,15,5,11,4,9,3,7,0,7,9,15,7,14,5,11,0,10,0,9,9,15,9,15,6,13,5,11,0,10,9,5,9,15,8,15,6,13,5,11
453,0,1,2,4,0,1,0,4,0,4,0,4,0,4,0,10,0,1,1,4,0,4,0,4,0,1,0,0,0,1,0,4,1,4,0,11,0,1,0,1,0,1,0,4,0,11,0,10,0,0,0,2,0,1
454,0,6,2,4,3,6,2,4,2,3,2,3,2,3,0,6,3,6,2,3,2,4,2,4,0,6,0,5,3,6,0,5,2,3,5,6,0,5,0,7,3,6,0,5,0,6,0,6,4,5,0,6,3,6
455,10,15,2,4,0,11,3,8,3,6,0,6,2,4,8,14,0,11,4,9,4,9,3,8,0,15,0,13,0,11,5,11,4,9,0,14,0,15,0,13,0,11,5,11,0,4,8,14,0,13,0,12,0,11
456,0,2,2,4,2,7,3,4,0,4,2,4,2,4,0,3,2,7,0,6,3,4,3,4,0,3,0,4,2,7,0,5,0,6,0,3,0,4,0,7,2,7,3,5,0,3,0,13,0,5,0,7,2,7
457,0,6,2,4,4,5,0,5,2,4,2,4,2,3,4,6,4,5,0,5,0,5,0,5,4,6,0,7,4,5,0,5,0,5,4,6,0,8,0,6,4,5,0,5,0,6,4,6,0,7,0,6,4,5
458,0,9,2,4,0,8,2,5,2,3,2,3,2,3,5,9,0,8,0,6,0,6,2,5,0,8,0,8,0,8,0,6,0,6,0,8,3,9,0,8,0,8,0,6,0,9,5,9,0,8,2,8,0,8
459,0,10,2,4,0,8,0,6,2,5,2,4,2,4,6,10,0,8,0,7,0,7,0,6,0,11,4,10,0,8,0,8,0,7,0,11,0,10,4,9,0,8,0,8,6,10,6,10,5,10,4,9,0,8
460,0,5,2,4,0,6,3,4,0,4,2,4,2,4,5,6,0,6,0,5,3,5,3,4,0,6,0,7,0,6,0,5,0,5,0,6,0,7,0,6,0,6,0,5,0,6,5,6,0,7,0,6,0,6
461,0,12,2,4,6,10,3,8,0,7,0,7,0,5,0,11,6,10,0,10,3,8,3,8,7,12,0,10,6,10,0,10,0,10,0,12,8,11,0,9,6,10,0,10,0,12,0,11,0,10,0,9,6,10
462,0,4,2,4,0,3,2,6,2,4,2,4,2,4,0,4,0,3,0,6,2,6,2,6,2,4,1,3,0,3,0,4,0,6,0,4,0,5,1,4,0,3,0,4,0,4,0,4,1,4,0,4,0,3
463,7,14,2,4,5,12,0,8,3,6,2,5,2,4,7,11,5,12,4,11,4,8,0,8,0,12,0,11,5,12,4,11,4,10,8,12,7,10,6,11,5,12,4,11,0,13,7,11,0,11,6,11,5,12
464,0,7,2,4,0,6,0,3,0,3,0,3,0,3,3,7,0,6,0,4,2,4,0,3,3,6,0,7,0,6,0,4,0,4,0,7,3,7,2,7,0,6,0,5,0,7,3,7,0,7,0,7,0,6
465,0,7,2,4,4,12,0,7,0,4,0,4,0,4,6,8,4,12,0,8,0,7,0,7,0,8,0,11,4,12,0,10,0,8,0,8,6,11,5,11,4,12,0,11,0,7,6,8,0,12,0,11,4,12
466,0,2,2,4,2,3,0,4,0,4,0,3,0,3,0,4,2,3,0,5,0,4,0,4,0,3,0,2,2,3,2,5,0,5,2,3,0,4,0,3,2,3,2,4,2,13,0,4,0,2,0,3,2,3
467,0,7,2,4,4,8,0,6,0,5,0,4,2,4,5,10,4,8,0,8,3,7,0,6,0,8,0,9,4,8,2,8,2,8,0,9,5,9,0,10,4,8,0,8,0,9,5,10,0,9,0,9,4,8
468,0,7,2,4,0,10,0,5,0,5,0,4,0,4,0,9,0,10,3,6,0,5,0,5,5,9,0,11,0,10,0,6,3,5,0,9,0,10,0,11,0,10,4,7,0,9,0,9,0,11,0,10,0,10
469,0,6,2,4,0,8,0,5,2,5,2,4,2,4,0,9,0,8,0,8,0,7,0,5,0,8,4,8,0,8,0,8,0,7,0,7,0,9,0,8,0,8,0,8,0,8,0,9,0,9,0,8,0,8
470,0,4,2,4,0,9,0,7,2,5,2,4,2,4,0,8,0,9,2,9,0,9,0,7,0,5,0,7,0,9,2,10,0,9,0,4,0,8,0,7,0,9,2,10,0,4,0,8,4,7,0,7,0,9
471,0,10,2,4,4,7,3,5,0,5,0,4,2,4,5,11,4,7,3,5,0,6,3,5,6,10,0,10,4,7,0,5,0,6,6,10,0,11,4,9,4,7,0,5,6,10,5,11,0,10,4,8,4,7
472,0,9,2,4,0,6,3,4,3,3,3,3,0,3,0,8,0,6,0,6,3,4,3,4,4,9,0,7,0,6,0,6,0,5,4,9,0,8,2,7,0,6,0,6,0,9,0,8,0,7,2,7,0,6
473,0,8,2,4,0,8,0,6,0,5,0,4,0,4,0,8,0,8,4,6,0,6,0,6,0,8,0,8,0,8,4,6,4,5,0,8,6,8,0,9,0,8,4,6,0,8,0,8,6,8,0,9,0,8
474,0,3,2,4,0,7,0,5,0,4,0,4,2,4,0,7,0,7,0,6,0,6,0,5,0,5,3,7,0,7,0,7,0,6,0,5,2,7,3,8,0,7,0,7,0,3,0,7,3,7,0,7,0,7
475,10,15,2,4,3,10,0,6,0,5,0,4,0,4,0,12,3,10,3,8,3,6,0,6,9,13,5,13,3,10,3,8,3,8,0,14,6,13,4,12,3,10,3,9,0,14,0,12,0,13,4,12,3,10
476,0,2,2,4,0,7,0,5,1,5,1,4,1,4,2,4,0,7,0,7,0,6,0,5,0,4,1,5,0,7,0,7,0,7,0,3,0,6,1,5,0,7,0,7,0,3,2,4,1,5,1,6,0,7
477,8,11,2,4,4,11,3,6,3,4,2,3,2,3,9,13,4,11,4,9,3,7,3,6,8,13,8,13,4,11,4,10,0,8,0,13,8,13,5,13,4,11,4,10,8,13,9,13,8,13,5,13,4,11
478,7,12,2,4,0,8,0,4,0,4,2,3,2,3,5,11,0,8,0,6,0,5,0,4,6,12,0,8,0,8,3,6,0,6,6,12,0,9,0,8,0,8,0,6,7,13,5,11,5,8,4,8,0,8
479,0,11,2,4,0,10,0,7,2,5,2,4,2,4,0,15,0,10,0,8,0,7,0,7,0,12,7,14,0,10,0,8,0,8,0,11,8,15,6,12,0,10,0,9,0,11,0,15,8,14,6,12,0,10
480,0,4,2,4,0,4,0,4,2,3,0,3,0,3,3,6,0,4,1,5,0,5,0,4,0,5,2,5,0,4,0,3,1,5,0,5,0,6,0,6,0,4,0,4,0,5,3,6,2,5,0,5,0,4
481,0,4,2,4,0,3,0,4,0,4,0,4,2,4,0,4,0,3,0,3,0,4,0,4,0,3,0,3,0,3,0,3,0,3,0,3,0,4,0,3,0,3,0,3,0,3,0,4,0,3,0,3,0,3
482,8,15,2,4,4,11,0,8,0,5,0,4,2,4,8,14,4,11,4,9,0,8,0,8,8,14,6,13,4,11,4,10,4,8,8,14,8,14,6,12,4,11,4,10,8,14,8,14,0,13,0,11,4,11
483,0,10,2,4,0,9,0,5,0,4,1,4,1,4,0,9,0,9,0,6,0,6,0,5,6,11,5,9,0,9,0,8,0,7,0,11,0,9,0,8,0,9,0,9,0,11,0,9,5,9,3,8,0,9
484,0,12,2,4,4,6,0,6,0,4,0,4,0,3,5,10,4,6,3,6,0,6,0,6,6,9,0,11,4,6,4,6,0,7,5,10,0,10,0,10,4,6,4,6,0,11,5,10,0,11,0,10,4,6
485,0,8,2,4,0,9,0,5,0,4,0,4,2,4,0,8,0,9,0,7,3,6,0,5,0,8,0,8,0,9,0,9,3,7,0,9,0,9,4,9,0,9,0,9,0,9,0,8,0,7,4,10,0,9
486,0,4,2,4,0,5,1,5,0,5,0,4,0,4,0,7,0,5,1,5,1,5,1,5,0,6,0,7,0,5,0,6,1,6,0,5,6,7,0,7,0,5,0,6,0,12,0,7,5,8,0,5,0,5
487,0,8,2,4,2,6,0,4,0,4,0,4,0,4,5,9,2,6,2,6,0,5,0,4,5,10,2,10,2,6,0,6,2,5,5,9,0,10,0,10,2,6,0,7,6,8,5,9,0,10,0,10,2,6
488,10,15,2,4,0,13,3,7,0,6,0,4,2,4,8,15,0,13,4,11,3,8,3,7,0,15,7,14,0,13,4,11,4,10,9,15,8,15,6,13,0,13,4,12,10,15,8,15,7,15,6,13,0,13
489,0,5,2,4,0,6,0,6,0,5,2,4,2,4,0,6,0,6,0,5,0,5,0,6,4,5,0,7,0,6,0,4,0,5,0,5,0,6,0,7,0,6,0,4,0,5,0,6,0,7,0,7,0,6
490,0,2,2,4,1,2,2,3,2,3,0,3,0,3,0,3,1,2,0,3,0,3,2,3,0,2,0,3,1,2,1,3,0,3,0,2,1,3,0,2,1,2,1,2,2,2,0,13,0,3,0,2,1,2
491,0,8,2,4,0,6,0,6,2,4,0,4,0,4,0,8,0,6,0,7,0,6,0,6,0,8,2,7,0,6,0,7,0,6,0,8,0,8,0,6,0,6,0,7,0,8,0,8,0,7,0,5,0,6
492,0,5,2,4,1,5,0,3,0,3,2,3,2,3,0,4,1,5,1,6,0,5,0,3,3,4,1,5,1,5,1,6,1,6,0,5,0,4,0,5,1,5,1,6,0,6,0,4,1,4,0,4,1,5
493,0,5,2,4,3,6,0,4,0,3,2,4,2,3,0,7,3,6,3,4,3,4,0,4,0,6,0,7,3,6,0,5,0,4,0,5,0,7,0,8,3,6,0,5,0,5,0,7,0,7,0,8,3,6
494,0,12,2,4,0,11,2,7,2,6,2,5,2,4,8,15,0,11,0,9,2,8,2,7,9,14,0,14,0,11,4,9,0,9,0,13,8,15,0,13,0,11,4,10,8,13,8,15,8,15,6,11,0,11
495,0,2,2,4,0,7,2,4,0,4,0,4,0,4,0,4,0,7,0,6,0,5,2,4,0,4,0,5,0,7,0,6,2,6,0,9,2,4,0,6,0,7,0,6,2,3,0,4,0,5,0,6,0,7
496,0,5,2,4,0,9,0,7,2,4,2,4,2,4,3,6,0,9,0,8,0,8,0,7,3,5,0,7,0,9,3,8,0,8,0,5,0,7,4,7,0,9,3,9,2,5,3,6,0,8,0,8,0,9
497,9,15,2,4,0,13,4,9,3,8,3,7,0,5,9,15,0,13,4,12,4,9,4,9,0,15,0,13,0,13,4,13,4,12,0,15,0,14,0,12,0,13,4,13,0,15,9,15,8,14,0,13,0,13
498,0,7,2,4,0,6,3,6,3,5,2,4,2,4,5,8,0,6,3,6,3,6,3,6,0,8,0,8,0,6,4,6,0,6,0,7,0,9,0,8,0,6,4,6,0,7,5,8,0,9,3,6,0,6
499,2,4,2,4,2,5,0,4,0,4,0,4,0,4,0,4,2,5,0,4,0,3,0,4,2,4,0,6,2,5,0,4,0,4,0,4,0,3,0,5,2,5,0,4,0,4,0,4,0,6,0,5,2,5
500,0,1,2,4,0,5,3,3,0,3,0,4,0,4,0,3,0,5,0,5,0,4,3,3,0,3,0,5,0,5,0,5,0,5,0,12,2,5,0,5,0,5,0,5,0,1,0,3,0,5,0,5,0,5
501,0,9,2,4,0,11,0,6,0,4,2,4,2,4,7,10,0,11,0,10,0,9,0,6,0,9,0,9,0,11,3,10,0,10,0,10,7,9,5,9,0,11,3,10,0,10,7,10,0,9,5,9,0,11
502,5,10,2,4,0,11,0,7,0,6,0,5,2,4,5,13,0,11,4,8,0,7,0,7,6,12,5,12,0,11,5,9,4,8,6,11,5,13,4,12,0,11,5,9,5,11,5,13,5,12,4,12,0,11
503,0,12,2,4,0,11,3,5,3,5,2,4,2,4,7,11,0,11,0,7,3,6,3,5,8,12,6,10,0,11,0,8,3,6,9,12,7,11,6,10,0,11,0,9,9,12,7,11,6,11,5,11,0,11
504,6,9,2,4,0,10,0,6,0,5,0,4,0,4,8,11,0,10,0,7,0,6,0,6,8,10,0,12,0,10,0,8,0,7,0,11,7,12,0,11,0,10,6,8,7,11,8,11,0,12,0,11,0,10
505,9,16,2,4,0,10,2,8,2,6,2,4,2,4,8,15,0,10,0,9,3,8,2,8,9,16,0,13,0,10,0,9,0,8,9,16,8,15,0,12,0,10,0,10,9,16,8,15,0,14,7,12,0,10
506,0,2,2,4,0,4,1,5,0,5,0,4,0,4,3,4,0,4,0,5,1,6,1,5,0,4,0,4,0,4,0,5,0,6,3,9,0,3,0,4,0,4,0,5,0,4,3,4,0,4,2,4,0,4
Total,984,3707,118,1112,386,2149,158,1355,146,1213,199,1162,205,1146,873,3726,386,2149,213,1636,200,1447,158,1355,1028,3544,622,2808,386,2149,257,1786,208,1578,987,3767,818,3184,575,2601,386,2149,324,1871,986,3701,873,3846,658,2886,618,2471,386,2149
,,,,,,,,,,,,,,,,,,,,,,,,,,,,,,,,,,,,,,,,,,,,,,,,,,,,,,
